,Airport: Name,lat,long
0,DETROIT METRO WAYNE COUNTY ARPT,42.2161722,-83.3553842
1,DANE COUNTY REGIONAL ARPT-TRUAX FLD,43.1390659,-89.33641279999999
2,HOGUE ARPT,35.6337237,-85.38951039999999
3,SACRAMENTO INTL,38.6950854,-121.5900648
4,GUARULHOS INTL,-23.4305731,-46.473043
5,HENDERSON FIELD,34.719326,-78.0041732
6,SAN FRANCISCO INTL ARPT,37.6213129,-122.3789554
7,CLEVELAND-HOPKINS INTL ARPT,41.4057985,-81.8538669
8,UNKNOWN,35.2205194,-80.8575444
9,ORLANDO INTL,28.4311577,-81.308083
10,NEW ORLEANS INTL,29.9910905,-90.2592299
11,SAVANNAH INTL,32.0860225,-81.0877046
12,CINCINNATI/NORTHERN KENTUCKY INTL ARPT,39.0532746,-84.6630165
13,FORT LAUDERDALE EXECUTIVE ARPT,26.200554,-80.1714843
14,JOHN F KENNEDY INTL,40.6413111,-73.77813909999999
15,BARKSDALE AIR FORCE BASE ARPT,32.5018595,-93.6571416
16,PHILADELPHIA INTL,39.8743959,-75.2424229
17,COTE D AZUR,43.2547731,6.637857700000001
18,LOS ANGELES INTL,33.9415889,-118.40853
19,TAMPA INTL,27.9771524,-82.5311382
20,MONTGOMERY FIELD ARPT,32.8126658,-117.1415913
21,MEACHAM FT WORTH,32.8206921,-97.3598387
22,WESTOVER ARB/METRO ARPT,42.19910640000001,-72.5438059
23,ONTARIO INTL ARPT,34.0559781,-117.598057
24,FORT LAUDERDALE/HOLLYWOOD INTL,26.0725432,-80.1565396
25,KAHULUI ARPT,20.8967924,-156.4329379
26,EPPLEY AIRFIELD,41.3018733,-95.8937409
27,MINISTRO PISTARINI,-34.8150044,-58.53482839999999
28,DENVER INTL AIRPORT,39.8560963,-104.6737376
29,COLORADO SPRINGS MUNICIPAL,38.8354278,-104.820308
30,HUNTSVILLE INTL,34.6403329,-86.77568989999999
31,BOISE AIR TERMINAL/GOWEN FIELD,43.5658231,-116.2223159
32,SOUTHWEST FLORIDA INTL ARPT,26.5337051,-81.7553083
33,NORFOLK INTL,36.8956837,-76.2000161
34,SAN DIEGO INTL,32.7338006,-117.1933038
35,TWEED-NEW HAVEN ARPT,41.2678919,-72.8868727
36,BOWERMAN ARPT,46.9738502,-123.9273757
37,WASHINGTON DULLES INTL ARPT,38.9531162,-77.45653879999999
38,CHARLESTON AFB/INTL ARPT,32.8930041,-80.0508134
39,BALTIMORE WASH INTL,39.1774042,-76.6683922
40,FOUR CORNERS REGIONAL,36.961587,-109.3487494
41,LONG BEACH-DAUGH FLD,33.8167909,-118.1513589
42,JOHN WAYNE AIRPORT,33.6761901,-117.8674759
43,BUSH FLD,33.3703042,-81.9649232
44,METRO OAKLAND INTL,37.7125689,-122.2197428
45,RONALD REAGAN WASHINGTON NATL,38.851242,-77.04023149999999
46,DALLAS/FORT WORTH INTL ARPT,32.8998091,-97.0403352
47,LAGUARDIA NY,40.7769271,-73.8739659
48,DICKINSON-THEODORE ROOSEVELT RGNL,46.80166639999999,-102.7928843
49,MEMPHIS INTL,35.0420679,-89.9791729
50,SEATTLE-TACOMA INTL,47.4502499,-122.3088165
51,ADDISON,32.96179,-96.82916850000001
52,TUCSON INTL,32.1145102,-110.9392269
53,PORTLAND INTL (OR),45.58976939999999,-122.5950942
54,EGLIN AFB/NW FLORIDA REGIONAL ARPT,30.49545509999999,-86.54984639999999
55,ABRAHAM LINCOLN CAPITAL ARPT,39.8439165,-89.6783951
56,INDIANAPOLIS INTL,39.7168593,-86.2955952
57,GRAND JUNCTION REGIONAL ARPT,39.1222307,-108.5291468
58,AUSTIN-BERGSTROM INTL,30.19747109999999,-97.66635289999999
59,BURKE LAKEFRONT,41.5115689,-81.6899155
60,PHOENIX SKY HARBOR,33.4372686,-112.0077881
61,VAN NUYS ARPT,34.2096399,-118.4896448
62,LIHUE ARPT,21.9788489,-159.3437585
63,TOKYO INTL,35.5493932,139.7798386
64,SALT LAKE CITY INTL,40.7479999,-111.9846664
65,HONOLULU INTL ARPT,21.3245132,-157.9250736
66,LAFAYETTE REGIONAL (LA),30.205482,-91.9894188
67,TETERBORO AIRPORT,40.858332,-74.0615292
68,RICHARD LLOYD JONES JR ARPT,36.0378532,-95.99094389999999
69,RALEIGH-DURHAM INTL,35.88007899999999,-78.7879963
70,MYRTLE BEACH INTL,33.6822019,-78.92789429999999
71,CHICAGO O'HARE INTL ARPT,41.9741625,-87.9073214
72,PALM BEACH INTL,26.6857475,-80.0928165
73,WILEY POST-WILL ROGERS MEM,47.5002836,-122.2185276
74,MANILA-NINOY AQUINO INTL,14.5122739,121.016508
75,MOBILE REGIONAL,30.692512,-88.24549359999999
76,MINETA SAN JOSE INTL,37.3639472,-121.9289375
77,LAMBERT-ST LOUIS INTL,38.7499403,-90.374819
78,KALAELOA ARPT JOHN RODGERS FIELD,21.3099461,-158.0709457
79,OXNARD ARPT,34.1985056,-119.2065106
80,KANSAS CITY INTL,39.2978369,-94.7159384
81,HUNTINGBURG ARPT,38.2473711,-86.9520577
82,THEODORE FRANCIS GREEN STATE,41.7245271,-71.4304062
83,CHARLOTTE/DOUGLAS INTL ARPT,35.2144026,-80.9473146
84,GRAHAM MUNICIPAL ARPT,33.1120832,-98.5585967
85,DAYTONA BEACH INTL,29.1832134,-81.0532273
86,COLUMBIA METRO,33.941917,-81.1220015
87,SANTA BARBARA MUNICIPAL,34.43615,-119.738606
88,EL SALVADOR INTL,13.4448368,-89.0570527
89,KAPALUA ARPT,20.9622111,-156.6754194
90,MOLOKAI ARPT,21.1535674,-157.0963276
91,TULSA INTL,36.198778,-95.88386589999999
92,KEY FLD,25.0273356,-81.5357506
93,MIAMI INTL,25.7958723,-80.2870509
94,SHEPPARD AIR FORCE BASE,33.9685715,-98.510735
95,MEADOWS FIELD ARPT,35.4335053,-119.05622
96,CORPUS CHRISTI INTL ARPT,27.7724235,-97.5021829
97,AIRBORNE AIRPARK,39.4319998,-83.7856706
98,MC CLELLAN AIRFIELD,38.6594179,-121.3955482
99,GEORGE BUSH INTERCONTINENTAL,29.9902199,-95.3367827
100,PANAMA CITY - BAY COUNTY INTL,30.3548543,-85.7995134
101,GRANT COUNTY ARPT,32.63238260000001,-108.1542125
102,RICHMOND INTL,37.5065795,-77.3208112
103,DUBOIS REGIONAL ARPT,41.1824283,-78.8923472
104,CHENNAULT INTL ARPT,30.2163924,-93.1505869
105,CLARK INTL,41.2473719,-96.0282203
106,BLUE GRASS ARPT,38.03776149999999,-84.6026083
107,DALLAS LOVE FIELD ARPT,32.8481029,-96.8512063
108,NORTHAMPTON ARPT,42.3296526,-72.6140144
109,FRANCIS S GABRESKI ARPT,40.8435248,-72.64154959999999
110,COLLIN COUNTY RGNL ARPT AT MCKINNEY,33.1775756,-96.5925224
111,FAIRMONT MUNI-FRANKMAN FLD,39.4480468,-80.1669294
112,PUEBLO MEMORIAL ARPT,38.2859398,-104.4953346
113,PUERTO VALLARTA,20.653407,-105.2253316
114,CHICAGO MIDWAY INTL ARPT,41.78677589999999,-87.7521884
115,LAURENCE G HANSCOM,42.46810809999999,-71.2877395
116,MCCARREN INTL,36.086905,-115.136464
117,WESTCHESTER COUNTY ARPT,41.0683325,-73.7086641
118,AMARILLO INTL,35.2203245,-101.7074509
119,HOUSTON-HOBBY,29.6459077,-95.27690539999999
120,BOEING FIELD K C INT,47.5281657,-122.3018264
121,SARASOTA-BRADENTON,27.3364347,-82.53065269999999
122,KONA INTL ARPT,19.736916,-156.0429246
123,ORLANDO SANFORD INTL AIRPORT,28.7759419,-81.2342888
124,LUBBOCK INTL,33.6565685,-101.8222599
125,GREATER PITTSBURGH,40.3565093,-79.9192702
126,MURRAY FIELD AIRPORT,40.8043969,-124.1202585
127,NEWPORT NEWS/WILLIAMSBURG INTL,37.1307716,-76.4939006
128,DAVID WAYNE HOOKS MEMORIAL ARPT,30.0701768,-95.5511629
129,NASHVILLE INTL,36.126317,-86.67737129999999
130,MINNEAPOLIS-ST PAUL INTL,44.8847554,-93.2222846
131,CHANGI INTL (SINGAPORE),1.3644202,103.9915308
132,LAKE CHARLES REGIONAL,30.1229972,-93.2211183
133,BRANDYWINE ARPT,39.9897194,-75.579071
134,PALM SPRINGS INTL,33.8303194,-116.5070468
135,MAHLON SWEET FLD,44.1217811,-123.2159003
136,AKRON-CANTON MUNICIPAL,41.0791274,-81.51826609999999
137,PORT COLUMBUS INTL,39.9999399,-82.8871767
138,LINCOLN MUNICIPAL,40.813616,-96.7025955
139,CYRIL E KING ARPT,18.3360608,-64.9722726
140,DES MOINES INTL,41.535095,-93.647171
141,ATLANTA INTL,33.6407282,-84.4277001
142,LOGAN INTL,42.3656132,-71.0095602
143,EXECUTIVE ARPT,32.6806895,-96.8671846
144,ST. PETERSBURG/CLEARWATER INTL,27.9098674,-82.68885709999999
145,HILO INTL ARPT,19.7188342,-155.0416866
146,JAMES M COX DAYTON INTL,39.90252419999999,-84.2217719
147,BOB HOPE ARPT,34.1983122,-118.3574036
148,PEASE INTL TRADEPORT,43.0802589,-70.8211285
149,GILA BEND MUNICIPAL,32.9478236,-112.7168305
150,HATTIESBURG-LAUREL,31.468239,-89.335421
151,SKYHAVEN,38.7849835,-93.8026324
152,GROTON-NEW LONDON AR,41.3300875,-72.0466745
153,COLUMBIA REGIONAL,38.8155232,-92.2193772
154,CHINO AIRPORT,33.9751601,-117.6352509
155,DILLINGHAM AIRFIELD,21.57963,-158.2104421
156,DEKALB-PEACHTREE ARPT,33.8749586,-84.30281629999999
157,REDSTONE ARMY AIRFIELD,34.6784974,-86.6846425
158,BILLINGS LOGAN INTL,45.80350809999999,-108.5379142
159,BIRMINGHAM-SHUTTLESWORTH INTL,33.5624269,-86.754126
160,ANDERSON MUNI-DARLINGTON FLD,40.1096425,-85.6141715
161,LONG ISLAND MAC ARTHUR,40.7956189,-73.09880249999999
162,YEAGER ARPT,38.3714489,-81.5934922
163,GAINESVILLE REG ARPT,29.6516344,-82.32482619999999
164,NAPA COUNTY ARPT,38.2172561,-122.2730219
165,SAN ANTONIO INTL,29.5311973,-98.4683484
166,ROSWELL INTL AIR CENTER,33.3024615,-104.5257536
167,WILL ROGERS WORLD ARPT,35.393056,-97.600556
168,LANAI ARPT,20.7905864,-156.9498596
169,BUCKLEY ANGB ARPT,39.7239832,-104.7835399
170,BRADLEY INTL,41.9388735,-72.68603139999999
171,FORT SMITH MUNICIPAL ARPT,35.3371854,-94.3643069
172,NEWARK LIBERTY INTL ARPT,40.6895314,-74.1744624
173,RAPID CITY REGIONAL,44.0383798,-103.0605163
174,EASTERWOOD FIELD AIRPORT,30.5936801,-96.36660529999999
175,LOVELL FIELD ARPT,35.0374486,-85.19701119999999
176,MATHIS FIELD (TX),31.35728569999999,-100.5028459
177,MONROE REGIONAL ARPT,32.51023110000001,-92.0436229
178,CAPITAL CITY ARPT (PA),40.2177006,-76.85060969999999
179,GREATER ROCKFORD,42.2233514,-89.0007108
180,MCGHEE TYSON ARPT,35.810833,-83.993889
181,TED STEVENS ANCHORAGE INTL,61.17588629999999,-149.9900792
182,HERNANDO COUNTY,28.5578826,-82.4752757
183,LOS ALAMITOS ARMY AIRFIELD,33.7910224,-118.0533501
184,FOX STEPHENS FIELD-GILMER MUNI ARPT,32.7001568,-94.9466331
185,MONMOUTH EXECUTIVE ARPT,40.1807259,-74.12166599999999
186,COLD BAY ARPT,55.2007141,-162.7164155
187,RENO TAHOE INTL,39.4995907,-119.7680951
188,KUALA LUMPUR INTL,2.7423553,101.7062448
189,LOUISVILLE INTL ARPT,38.175662,-85.7369231
190,WILEY POST ARPT,35.5307445,-97.6430208
191,LUIS MUNOZ MARIN INTL -SAN JUAN,18.4372835,-66.0041299
192,SITKA ROCKY GUTIERREZ ARPT,57.05277169999999,-135.3651952
193,PUERTO PLATA INTL,19.7915656,-70.6929573
194,SACRAMENTO MATHER ARPT,38.5636592,-121.297211
195,JOE FOSS FIELD ARPT,43.5828065,-96.7402171
196,MBS INTL,43.5386272,-84.0821024
197,KENDALL-TAMIAMI EXECUTIVE ARPT,25.649151,-80.4291937
198,LEHIGH VALLEY INTL,40.6516457,-75.4440963
199,FLAGSTAFF PULLIAM,35.1403862,-111.668953
200,HEATHROW - LONDON,51.4700223,-0.4542955
201,GOLDEN TRIANGLE REGIONAL,33.4516041,-88.587603
202,OGDEN-HINCKLEY ARPT,41.1934018,-112.0088619
203,GREENBRIER VALLEY ARPT,37.856284,-80.404748
204,GARDEN CITY REGIONAL,37.9268913,-100.7198703
205,WINONA MUNICIPAL ARPT,44.0745196,-91.7070409
206,CHARLES DE GAULLE,49.0138601,2.5425225
207,SUNDANCE AIRPARK,35.601503,-97.70693059999999
208,ADAMS FIELD ARPT,34.7307049,-92.2216531
209,GERALD R FORD INTL,42.8846633,-85.5248434
210,YAMPA VALLEY,40.4847488,-107.2197265
211,COLOGNE-BONN,50.8707168,7.140734399999999
212,VENICE MUNICIPAL AIRPORT,27.0732113,-82.4405867
213,MCNARY FLD ARPT,44.9078414,-123.0018514
214,JACKSONVILLE INTL,30.49407129999999,-81.6879368
215,BISHOP INTL FLINT,42.967653,-83.7438188
216,MARTIN STATE ARPT,39.32833530000001,-76.4236353
217,YOUNGSTOWN-WARREN RGNL ARPT,41.2574658,-80.6671886
218,JACKSON HOLE,43.4799291,-110.7624282
219,JACKSON EVERS INTL,32.3122283,-90.0764217
220,REID-HILLVIEW ARPT OF SANTA CLARA CNTY,37.3360175,-121.8198199
221,COZUMEL MEXICO,20.5071703,-86.9446237
222,HONG KONG INTL,22.308047,113.9184808
223,"GUADALAJARA, MEXICO",20.6596988,-103.3496092
224,MCCLELLAN-PALOMAR,33.1268216,-117.2792408
225,MOBILE DOWNTOWN ARPT,30.6370652,-88.0788295
226,BUCHANAN FLD,37.9902157,-122.0561317
227,HARRISBURG INTL,40.2604293,-76.8789929
228,ALBANY INTL,44.8866745,-76.2358615
229,SOUTH BEND REGIONAL,41.7077166,-86.315843
230,GREATER BINGHAMTON ARPT,42.208651,-75.9813976
231,EASTERN WEST VIRGINIA REGIONAL ARPT,39.4027418,-77.982974
232,FORBES FIELD AIRPORT,38.9483444,-95.6664279
233,ATLANTIC CITY INTL,39.4515696,-74.57388499999999
234,DADE-COLLIER TRAINING & TRANSITION ARPT,25.8637999,-80.8979128
235,CECIL ARPT,30.22136,-81.88070499999999
236,REDDING MUNICIPAL,40.5058184,-122.2996775
237,MINERAL WELLS ARPT,32.78208970000001,-98.06095119999999
238,AUSTIN STRAUBEL INTL,44.4923396,-88.12775409999999
239,TERRE HAUTE INTL ARPT-HULMAN FIELD,39.45602909999999,-87.3018072
240,SPRINGFIELD-BRANSON NATIONAL,37.2385714,-93.3970097
241,TUPELO MUNICIPAL,34.258386,-88.706026
242,NORFOLK NAVAL STATION,36.9485239,-76.3084258
243,DAVIS MONTHAN AIR FORCE BASE,32.1675525,-110.8592578
244,SPOKANE INTERNATIONAL,47.62174779999999,-117.534812
245,DUPAGE AIRPORT,41.9067614,-88.25490789999999
246,VERO BEACH MUNICIPAL,27.6386434,-80.39727359999999
247,BANGOR INTL,44.808176,-68.8165035
248,EVANSVILLE REGIONAL,38.0433641,-87.52717539999999
249,FRESNO YOSEMITE INTL,36.7758493,-119.7181083
250,WICHITA MID-CONTINENT ARPT,37.6508529,-97.42869879999999
251,FREDERICK MUNICIPAL ARPT,39.4161991,-77.3792758
252,ALBUQUERQUE INTL,35.0433333,-106.6129085
253,KASTRUP AIRPORT,55.6180236,12.6507628
254,GOGEBIC COUNTY,46.4392785,-89.92147399999999
255,WAUKEGAN REGIONAL ARPT,42.416305,-87.868192
256,REPUBLIC AIRPORT,40.7261266,-73.4167921
257,BURLINGTON INTL,44.4706939,-73.1516037
258,BUFFALO-NIAGARA INTL,42.9397059,-78.7295067
259,GENERAL MITCHELL INTL,42.9475534,-87.89664599999999
260,OWEN ROBERTS INTL,19.2931436,-81.3585033
261,VOLK FIELD ARPT,43.9269182,-90.2630214
262,FIUMICINO ARPT,41.7998868,12.2462384
263,HERLONG AIRPORT,30.28055,-81.809465
264,KEY WEST INTL ARPT,24.5536707,-81.7549737
265,ABERDEEN REGIONAL AR,45.4530258,-98.4184341
266,ROANOKE REGIONAL,37.320398,-79.9701915
267,CROOKSTON MUNI ARPT-KIRKWOOD FIELD,47.8411865,-96.61846159999999
268,TACOMA NARROWS ARPT,47.2678293,-122.577424
269,CENTRAL NEBRASKA REGIONAL,40.9693717,-98.31856529999999
270,DON MUEANG INTL ARPT  (OLD BANGKOK),13.9132602,100.6041987
271,TOLEDO EXPRESS ARPT,41.5878083,-83.80914109999999
272,THE FLORIDA KEYS MARATHON,24.726026,-81.0446262
273,UNIV OF ILLINOIS -WILLARD ARPT,40.03649619999999,-88.26398789999999
274,WHITE COUNTY ARPT,40.7099722,-86.7663073
275,SAN PEDRO SULA LA MESA,15.4643537,-87.9215163
276,LENAWEE COUNTY ARPT,41.8736915,-84.0744934
277,HOMER ARPT,59.643151,-151.4928655
278,QUANTICO MCAF/TURNER FIELD,38.501667,-77.3055569
279,MONTGOMERY REGIONAL ARPT,32.3050713,-86.3906353
280,GRAND FORKS INTL,47.942861,-97.176582
281,ERNEST A LOVE FIELD,34.6498173,-112.427239
282,TEXARKANA-WEBB FIELD,33.4569623,-93.9955847
283,MIDLAND INTL,31.9417386,-102.2047497
284,VANCOUVER INTL,49.1966913,-123.1815123
285,PENSACOLA REGIONAL,30.4738158,-87.1867049
286,DECATUR ARPT,39.8331255,-88.8773767
287,LAKEFRONT AIRPORT,30.0385136,-90.0264057
288,VALENCIA AIRPORT,39.4892327,-0.4780256
289,JUAN SANTAMARIA INTL,9.9980013,-84.20406419999999
290,MADRID-BARAJAS,40.4983322,-3.5675982
291,ACADIANA REGIONAL ARPT,30.0333232,-91.8767395
292,MANCHESTER AIRPORT,42.929687,-71.4352177
293,GREATER PEORIA REGIONAL ARPT,40.6655468,-89.6955242
294,NW ARKANSAS REGIONAL,36.2786587,-94.30429400000001
295,MC ALLEN MILLER INTL,26.1780926,-98.24103629999999
296,IGOR I SIKORSKY MEMORIAL,41.1642101,-73.12466719999999
297,WILMINGTON INTL,34.2668931,-77.91052010000001
298,IDAHO FALLS REGIONAL ARPT,43.5152294,-112.0678843
299,CANCUN INTL,21.0417033,-86.8740062
300,FORT WORTH ALLIANCE,32.9875102,-97.3138822
301,SHREVEPORT REGIONAL,32.4544911,-93.8286552
302,VALLEY INTL,26.2239757,-97.6618501
303,FULTON COUNTY ARPT - BROWN FIELD,33.7762621,-84.52209870000002
304,BETHEL ARPT,60.77972200000001,-161.8377779
305,PORT-AU-PRINCE INTL,18.5759244,-72.2946381
306,PALMYRA (COOPER) AIRPORT,5.8885026,-162.0786656
307,MOUNT AIRY/SURRY COUNTY ARPT,36.45599,-80.55402699999999
308,AMSTERDAM SCHIPHOL,52.3105386,4.7682744
309,LEESBURG EXECUTIVE ARPT,39.0782543,-77.5543742
310,FRIEDMAN MEMORIAL,43.5066901,-114.2992901
311,PU DONG INTL ARPT,31.1443439,121.808273
312,THE EASTERN IOWA ARPT,41.8863861,-91.70697539999999
313,PIEDMONT TRIAD INTL,36.1043671,-79.9351805
314,SANTA MARIA PUBLIC,34.9486761,-120.4357617
315,PHOENIX-MESA GATEWAY,33.307161,-111.668946
316,CAMARILLO,34.2163937,-119.0376023
317,SYRACUSE HANCOCK INTL,43.1139301,-76.1101888
318,ST AUGUSTINE,29.9012437,-81.31243409999999
319,SOEKARNO-HATTA,-6.1275282,106.6537058
320,DUBAI INTL,25.2531745,55.3656728
321,GENERAL ESCOBEDO INTL,25.7778185,-100.1079853
322,UNALASKA ARPT,53.8983407,-166.5442157
323,MILANO MALPENSA,45.6300625,8.7255307
324,TORONTO/LESTER B. PEARSON INTL,43.6775875,-79.6360912
325,ROCKY MOUNTAIN METROPOLITAN ARPT,39.9097481,-105.1118714
326,ROSECRANS MEMORIAL ARPT,39.7694636,-94.9015905
327,BROWNWOOD MUNICIPAL ARPT,31.7949779,-98.95557389999999
328,KODIAK AIRPORT,57.7543254,-152.516958
329,MORRISTOWN MUNICIPAL ARPT,40.7975621,-74.4157549
330,SOUTHWEST GEORGIA REGIONAL ARPT,31.53567109999999,-84.19390489999999
331,MERLE K (MUDHOLE) SMITH ARPT,60.4943809,-145.4721527
332,SOUTH VALLEY REGIONAL ARPT,40.6213,-111.9923019
333,TRI-STATE MILTON FERGUSON,38.3693378,-82.5557309
334,MANCHESTER ENGLAND,53.4807593,-2.2426305
335,TAIBEI INTL,25.0796514,121.234217
336,MERRILL FIELD ARPT,61.215917,-149.8419311
337,FAYETTVILLE MUNICIPAL,35.0526641,-78.87835849999999
338,ROGUE VALLEY INTL,42.3734162,-122.8732825
339,HAGERSTOWN REGIONAL,39.7053895,-77.73100180000002
340,ROCHESTER INTL,43.911265,-92.4968842
341,NIAGARA FALLS INTL,43.1085782,-78.94711439999999
342,SHANNON INTL,52.6996573,-8.914691099999999
343,QUAD CITY ARPT,41.4496341,-90.50827059999999
344,CLARE MUNICIPAL ARPT,43.8339831,-84.7459641
345,KICKAPOO DOWNTOWN ARPT,33.8646818,-98.49180869999999
346,LEBANON MUNICIPAL ARPT,43.6249449,-72.3086409
347,LAKE HOOD (SPB),61.1808216,-149.9710199
348,CLINTON COUNTY ARPT,39.502259,-83.86353299999999
349,BOWMAN FIELD,38.2289185,-85.66539980000002
350,LAKE HOOD STRIP ARPT,61.1808216,-149.9710199
351,,33.791638,-84.389488
352,MADISONVILLE MUNICIPAL,37.3296752,-87.498899
353,PORTLAND INTL JETPORT (ME),43.6464785,-70.30969739999999
354,HARTFORD-BRAINARD ARPT,41.7374398,-72.64859659999999
355,WATERBURY-OXFORD ARPT,41.4806021,-73.13643569999999
356,BISMARCK MUNICIPAL ARPT,46.77518999999999,-100.7572447
357,SANTA ROSA ROUTE 66,34.9447255,-104.6727276
358,ELLINGTON FIELD ARPT,29.6038999,-95.17625869999999
359,LAGO VISTA-RUSY ALLEN,30.4973979,-97.96916279999999
360,MONTREAL INTL (MIRABEL),45.6701862,-74.0324134
361,GULFPORT BILOXI REGIONAL,30.4131137,-89.0727778
362,NADI INTL,-17.7534138,177.4506825
363,CORPUS CHRISTI NAS/TRUAX FIELD,27.6935475,-97.2891138
364,PALMDALE REGIONAL ARPT,34.6274989,-118.0832977
365,MEMORIAL FIELD,36.3766878,-94.1899323
366,NEW CASTLE COUNTY,39.5392979,-75.667356
367,KALAMAZOO/BATTLE CREEK INTL,42.2355515,-85.5515933
368,COLUMBUS METRO,39.9611027,-82.9895592
369,MASSEY RANCH AIRPARK,28.979687,-80.92561239999999
370,DUBUQUE REGIONAL ARPT,42.3972121,-90.7057047
371,ASPEN-PITKIN CO/SARD,39.2196304,-106.8643335
372,PORTLAND-HILLSBORO ARPT,45.5329479,-122.9479571
373,SALISBURY-WICOMICO,38.3606736,-75.5993692
374,JEFFERSON CITY MEMORIAL ARPT,38.5929229,-92.1652111
375,ROBT J MILLER AIR PARK,39.9257646,-74.2939871
376,TALLAHASSEE REGIONAL,30.3953418,-84.34507459999999
377,HECTOR INTERNATIONAL,46.9198612,-96.8255648
378,CINCINNATI MUNI ARPT-LUNKEN FIELD,39.1037667,-84.4293278
379,DAYTON-WRIGHT BROTHERS ARPT,39.59345980000001,-84.2280854
380,MANSFIELD LAHM MUNICIPAL,40.8191147,-82.51386880000001
381,SANGSTER INTL,18.502229,-77.9145169
382,LYNDEN PINDLING INTL ARPT,25.0439288,-77.4655212
383,CHARLES B WHEELER DOWNTOWN ARPT,39.121108,-94.590007
384,FORT WAYNE INTL,40.9828674,-85.18844229999999
385,POLLOCK MUNICIPAL,31.5257321,-92.4070823
386,SANTIAGO CIBAO INTL,19.4021334,-70.6019073
387,KENAI MUNICIPAL ARPT,60.56501,-151.2467651
388,LA CROSSE MUNICIPAL AIRPORT,43.8753591,-91.2634558
389,EAST HAMPTON ARPT,40.9609915,-72.2480167
390,KLAMATH FALLS INTL,42.16520269999999,-121.7463436
391,YAKIMA AIR TERMINAL,46.5699453,-120.539849
392,PETER O KNIGHT ARPT,27.9143302,-82.4501646
393,BUTLER COUNTY REGIONAL,39.3638831,-84.5254611
394,BOLTON FIELD ARPT,39.9049819,-83.13773619999999
395,SANTO DOMINGO/LAS AM,18.4695537,-69.8114674
396,EL PASO INTL ARPT,31.8053354,-106.3824345
397,SUBIC BAY INTL,14.795332,120.282933
398,CHERRY CAPITAL ARPT,44.7369137,-85.5796208
399,FRANKFURT MAIN,50.1109221,8.6821267
400,MONTREAL/PIERRE-ELLIOTT-TRUDEAU INTL,45.46568509999999,-73.7454814
401,QUONSET STATE ARPT,41.594019,-71.413434
402,MISSOULA INTL ARPT,46.918785,-114.0837478
403,BOERNE STAGE FIELD,29.723887,-98.6946337
404,LA AURORA,29.6512722,-82.3790144
405,FAIRBANKS INTL ARPT,64.8164163,-147.8635168
406,MALMO-STURUP ARPT,55.5355336,13.372383
407,WILLIAMSON COUNTY REGIONAL,30.6167815,-97.6555393
408,SAWYER INTL,46.3497439,-87.3873273
409,ZAMPERINI FIELD ARPT,33.8014667,-118.3417501
410,BARCELONA ARPT,41.297445,2.0832941
411,TRI-CITIES REGIONAL TN/VA ARPT,36.48167310000001,-82.4077169
412,GREENVILLE-SPARTANBURG INTL,34.8959008,-82.2172338
413,GARY CHICAGO INTL,41.6177844,-87.4083934
414,TSTC WACO,31.6372348,-97.0836783
415,GEORGETOWN COUNTY ARPT,33.3132797,-79.318757
416,WACO REGIONAL ARPT,31.6135823,-97.22629420000001
417,ERIE INTL,42.0839613,-80.17216959999999
418,ST. PAUL DOWNTOWN ARPT,44.9334686,-93.0601241
419,BATON ROUGE METRO,30.53243609999999,-91.15817419999999
420,KARLUK ARPT,57.5659308,-154.4539469
421,AEROACRES ARPT,27.3427377,-80.518766
422,OWENSBORO-DAVIESS,37.7719074,-87.1111676
423,RAMONA ARPT,33.0409315,-116.9115525
424,MUSKEGON COUNTY ARPT,43.16455209999999,-86.2380001
425,GALLATIN FIELD ARPT,45.7771073,-111.1532346
426,PALM BEACH COUNTY PARK ARPT,26.5929714,-80.0856189
427,CROSS CITY ARPT,29.6311473,-83.1085891
428,TONCONTIN INTL,14.0607174,-87.2192567
429,VENANGO REGIONAL,41.377691,-79.860193
430,WATERTOWN INTL ARPT,43.9956627,-76.022365
431,ESSEX COUNTY AIRPORT,40.874877,-74.2805248
432,ASHEVILLE REGIONAL ARPT,35.4348962,-82.53785409999999
433,ST LOUIS DOWNTOWN,38.6266074,-90.19165009999999
434,SNOHOMISH CO (PAINE FIELD),47.9075768,-122.2808529
435,FLORENCE REGIONAL,34.1931906,-79.7281922
436,PURDUE UNIV ARPT,40.4162519,-86.9309621
437,SOUTHWEST WASHINGTON REGIONAL ARPT,46.1191715,-122.8971657
438,LINDEN AIRPORT,40.6157109,-74.243417
439,RIVERSIDE MUNICIPAL ARPT,33.9505435,-117.4459301
440,CHESTER COUNTY G O CARLSON ARPT,39.9800817,-75.86281129999999
441,READING REGIONAL,40.3741541,-75.9641686
442,HAWKINS FIELD ARPT,32.334457,-90.222168
443,WATERLOO REGIONAL ARPT,42.5552262,-92.3979652
444,L F WADE INTL ARPT,32.359829,-64.7020333
445,MINOT INTL AIRPORT,48.25567119999999,-101.2882265
446,GREATER ROCHESTER INTL,43.1225229,-77.66657219999999
447,PHOENIX DEER VALLEY ARPT,33.6843241,-112.082851
448,ISLESBORO,44.29388549999999,-68.9085778
449,NASA SHUTTLE LANDING FACILITY,28.6144578,-80.694108
450,RICKENBACKER INTL,39.8173811,-82.9358462
451,BLOCK ISLAND STATE,41.169273,-71.5801455
452,PULLMAN-MOSCOW REGIONAL,46.7441801,-117.1141262
453,MINUTE MAN AIR FIELD,42.4615211,-71.51684569999999
454,IOWA FALLS MUNICIPAL ARPT,42.4705373,-93.2619534
455,WILLOW RUN ARPT,42.2378031,-83.5242868
456,FELTS FIELD ARPT,47.6799501,-117.3208386
457,SIMON BOLIVAR INTL,10.5972583,-67.0053373
458,MORGANTOWN MUNICIPAL ARPT,39.64529599999999,-79.920321
459,KEOKUK MUNICIPAL ARPT,40.4601972,-91.4276646
460,MID-DELTA REGIONAL,33.4819016,-90.99037709999999
461,GREAT FALLS INTL,47.4825016,-111.3566299
462,ROOKE FIELD ARPT,0.0,0.0
463,RENTON MUNICIPAL ARPT,47.4919176,-122.2175062
464,VALDOSTA REGIONAL,30.7892346,-83.27882269999999
465,JUNEAU INTL ARPT,58.3579806,-134.5831791
466,DENTON MUNICIPAL ARPT,33.20119,-97.19658199999999
467,OUTAGAMIE COUNTY REGIONAL,44.2605,-88.5111
468,LEWISTON-NEZ PERCE CO ARPT,46.3772659,-117.0111541
469,LEE'S SUMMIT MUNICIPAL ARPT,38.96105540000001,-94.37745079999999
470,BLANDING MUNICIPAL,37.6241646,-109.478177
471,MARIANNA MUNICIPAL ARPT,30.8377439,-85.1837396
472,CAPITAL CITY (MI),42.732535,-84.5555347
473,EAST MIDLANDS,0.0,0.0
474,GANSNER FIELD,39.9438314,-120.9469842
475,SAN CARLOS ARPT,37.5153754,-122.2503052
476,CENTENNIAL ARPT,39.57510329999999,-104.8451384
477,MONROE COUNTY,43.2841246,-77.7452081
478,ORANJESTAD/REINA BEA,12.5023868,-70.009224
479,LAKE BARKLEY STATE PK ARPT,36.849967,-87.932064
480,BAIYUN AIRPORT,23.3959079,113.3079699
481,LAREDO INTL,27.5447829,-99.4613589
482,MID-OHIO VALLEY REGIONAL,39.3450497,-81.43819479999999
483,WILKES-BARRE/SCRANTON INTL,41.3377564,-75.7237821
484,HILTON HEAD ISLAND,32.216316,-80.752608
485,CHARLESTON EXECUTIVE ARPT,32.6990607,-80.005979
486,BLOOMINGTON/NORMAL,40.5478429,-88.86469799999999
487,FLOYD BENNETT MEMORIAL,43.3419248,-73.60884899999999
488,MERRIT ISLAND ARPT,28.3424508,-80.6889434
489,KIPNUK ARPT,59.93295149999999,-164.0279075
490,CARSON ARPT,39.19305600000001,-119.73425
491,LAKE CITY MUNICIPAL ARPT,33.8544599,-79.76767389999999
492,VERMILION REGIONAL ARPT,40.2005729,-87.60136399999999
493,WM FAIRCHILD INTL ARPT,48.1188352,-123.498044
494,EDMONTON INTL,53.3054374,-113.5773808
495,SOLBERG-HUNTERDON,40.5800451,-74.73488979999999
496,BOMBAY/MUMBAI,19.0759837,72.8776559
497,LORAIN COUNTY REGIONAL ARPT,41.3423166,-82.1773553
498,TRI-CITIES,46.2349999,-119.2233014
499,ELEFTHERIOS VENIZELOS INTL,37.9356467,23.9484156
500,MCCOOK MUNICIPAL ARPT,40.20752239999999,-100.5969946
501,WILLOW ISLAND AIRPARK,0.0,0.0
502,KAOHSIUNG INTL,22.574629,120.3448068
503,BARNSTABLE MUNICIPAL,41.6673379,-70.2847445
504,KANSAI INTL,34.4320024,135.2303939
505,SAN PEDRO - SULA,15.5038827,-88.01386190000001
506,HANCOCK COUNTY-BAR HARBOR,44.3876119,-68.2039123
507,FERGUS FALLS MUNICIPAL ARPT,46.2850335,-96.1541912
508,BEAVER ISLAND ARPT,45.6927129,-85.56126479999999
509,DELTA COUNTY ARPT,45.7181005,-87.09455419999999
510,JOSLIN FIELD - MAGIC VALLEY REGIONAL,42.4833496,-114.4847165
511,WEST BEND MUNICIPAL ARPT,43.4245986,-88.1292266
512,BRUSSELS NATIONAL,50.900999,4.4855744
513,MARTHAS VINEYARD,41.3804981,-70.645473
514,MONTEREY PENINSULA,36.6286111,-121.9305556
515,LAMONI MUNICIPAL ARPT,40.633331,-93.902168
516,OHIO STATE UNIVERSITY,40.0066723,-83.0304546
517,EL MONTE ARPT,34.0848443,-118.033012
518,BROOKINGS MUNICIPAL ARPT,44.3042259,-96.806694
519,MANAS INTL,43.6592217,-79.6012794
520,ANKENY REGIONAL,41.6905391,-93.56707279999999
521,CHICAGO EXECUTIVE ARPT,42.1170686,-87.9011312
522,ALMATY INTL ARPT,43.3499265,77.02528939999999
523,NEW BRAUNFELS MUNICIPAL ARPT,29.6988659,-98.03858579999999
524,ANOKA COUNTY-BLAINE,45.1607987,-93.23494889999999
525,SPIRIT OF ST LOUIS,38.61701660000001,-90.2110242
526,BAUDETTE INTL ARPT,48.7266716,-94.60954939999999
527,BENITO JUAREZ INTL,19.4360762,-99.07190829999999
528,DANBURY MUNICIPAL ARPT,41.3715755,-73.480103
529,MODESTO CITY-COUNTY,37.6269954,-120.9560394
530,DALLAS EXECUTIVE ARPT,32.6806895,-96.8671846
531,MILLVILLE MUNICIPAL ARPT,39.3712962,-75.0709675
532,ELOY ALFARO INTL,-0.9529062,-80.68415499999999
533,INCHEON INTL,37.4601908,126.4406957
534,OAKLAND COUNTY INTL,42.6640988,-83.4202318
535,MURFREESBORO MUNICIPAL ARPT,35.876983,-86.3807137
536,NATRONA COUNTY INTL,42.89727509999999,-106.4648786
537,WILLIAM B HEILIG FIELD,41.8695184,-103.5934309
538,WILLIAM M TUCK ARPT,36.7097086,-78.8491773
539,RALPH WIEN MEMORIAL ARPT,66.8873727,-162.5867167
540,ARKANSAS INTERNATIONAL ARPT,35.9579513,-89.949274
541,WHEELING OHIO COUNTY ARPT,40.1814632,-80.6473676
542,SANTA FE DE BOGOTA,4.6121433,-74.0708166
543,RUTLAND STATE ARPT,43.5280396,-72.95047389999999
544,SPRINGERVILLE MUNICIPAL,34.1333799,-109.2859196
545,LAUGHLIN BULLHEAD INTL,35.1562931,-114.5584335
546,CHESTERFIELD COUNTY ARPT,37.4073638,-77.5211334
547,MACOMB MUNICIPAL ARPT,40.5166448,-90.65639519999999
548,DUTCHESS COUNTY ARPT,41.6267187,-73.8841832
549,GRAND CANYON WEST,35.9876863,-113.8206232
550,PUNTA GORDA ARPT,26.9182483,-81.99664070000001
551,HAYWARD EXECUTIVE ARPT,37.6628524,-122.1216304
552,SACRAMENTO EXECUTIVE ARPT,38.5138538,-121.4983941
553,MACKINAC ISLAND ARPT,45.863789,-84.6342894
554,NORTH CENTRAL WEST VIRGINIA ARPT,39.2967239,-80.231201
555,UNIV OF OKLAHOMA WESTHEIMER ARPT,35.2409761,-97.4680511
556,WITTMAN REGIONAL ARPT,43.9940218,-88.5513204
557,HELENA REGIONAL,34.5102191,-90.6271793
558,SANTA FE MUNICIPAL,35.6376518,-106.01886
559,TUSCALOOSA MUNICIPAL,33.2099075,-87.5647532
560,TOCUMEN INTL,9.066859899999999,-79.3871272
561,WHITEMAN AIRPORT,34.2598054,-118.4119289
562,HEMET-RYAN ARPT,33.7300616,-117.0222078
563,WORCESTER REGIONAL,42.26811379999999,-71.87344039999999
564,TREVISO ARPT,45.6532764,12.2020813
565,SONOMA COUNTY ARPT,38.5080591,-122.8134078
566,SEDONA ARPT,34.8497076,-111.7900916
567,DONALDSON CENTER ARPT,34.7556467,-82.3745441
568,NEW BEDFORD REGIONAL ARPT,41.6734681,-70.9573513
569,HAMILTON,37.9426096,-96.19513200000002
570,SEYMOUR MUNICIPAL,44.5149879,-88.3303798
571,EPHRAIM- FISH CREEK,45.1277423,-87.2472693
572,OGDENSBURG INTL ARPT,44.6820927,-75.47682979999999
573,NUT TREE AIRPORT,38.3753882,-121.9596218
574,TRENTON MERCER ARPT,40.2769993,-74.8179505
575,CIAMPINO (ROME),41.802425,12.6021389
576,EVERETT-STEWART MUNICIPAL ARPT,36.3826566,-88.9825951
577,TANSONNHAT,10.8184631,106.6588245
578,PENANG INTL,5.2959932,100.2751639
579,CAPE MAY COUNTY ARPT,39.0054012,-74.9081798
580,ARCATA AIRPORT,40.9709197,-124.1065825
581,MARSHALL ISLANDS INTL ARPT,7.0690279,171.2828766
582,MERRILL MUNICIPAL ARPT,45.2004708,-89.70789660000001
583,POTSDAM MUNICIPAL ARPT,44.6754341,-74.9537429
584,CHICO MUNICIPAL ARPT,39.7990801,-121.8548167
585,LOS CABOS INTL,22.9459372,-109.936115
586,SALINAS MUNICIPAL ARPT,36.6646621,-121.6132755
587,FULLERTON MUNICIPAL ARPT,33.8718561,-117.9794311
588,BELLINGHAM INTL,48.7955792,-122.5330642
589,ST. LUCIE COUNTY INTL ARPT,27.4882396,-80.365988
590,SUGAR LAND REGIONAL ARPT,29.6272669,-95.65288969999999
591,PINE MOUNTAIN LAKE ARPT,37.8602308,-120.177437
592,VIRACOPOS-CAMPINAS INTL ARPT,-23.008205,-47.13756850000001
593,PRINCESS JULIANA,18.0418698,-63.1130821
594,ELKO REGIONAL ARPT,40.8278188,-115.786212
595,BERT MOONEY,45.9551935,-112.5021977
596,DARE COUNTY REGIONAL ARPT,35.9176673,-75.7039489
597,GRIFFING SANDUSKY ARPT,41.5110181,-82.8699695
598,PARIS MUNICIPAL,48.856614,2.3522219
599,JIM HOGG COUNTY AROT,27.3081366,-98.6779327
600,FRONT RANGE ARPT,39.7900761,-104.5497292
601,RALEIGH EXEC JETPORT AT SANFORD-LEE CNTY ARPT,35.5783293,-79.1056569
602,INDIRA GANDHI INTL,28.5561624,77.0999578
603,MUNICH INTL ARPT,48.3536972,11.775111
604,FRANKLIN FIELD ARPT,38.305887,-121.4297127
605,OHIO UNIVERSITY ARPT,39.210719,-82.223747
606,FALCON FIELD ARPT,33.4574305,-111.727417
607,MANASSAS REGIONAL ARPT,38.7242662,-77.51565029999999
608,KISSIMMEE GATEWAY ARPT,28.2953051,-81.436792
609,CHEYENNE REGIONAL ARPT,41.1531625,-104.8109805
610,YAKUTAT ARPT,59.50942140000001,-139.6689486
611,ROTA,42.41711,-71.729445
612,LAWRENCE SMITH MEMORIAL ARPT,38.6143047,-94.3419133
613,PETER PRINCE FIELD ARPT,30.637275,-86.995092
614,WEST BRANCH COMMUNITY ARPT,44.2457334,-84.1870297
615,CLINTON-SHERMAN ARPT,35.342855,-99.1968869
616,ENID WOODRING REGIONAL ARPT,36.3837852,-97.78713979999999
617,SUSANVILLE MUNICIPAL ARPT,40.3765305,-120.5783522
618,NANTUCKET MEMORIAL,41.2569516,-70.0637506
619,DEXTER B FLORENCE MEMORIAL FIELD ARPT,34.0940878,-93.0713944
620,GROSSE ILE MUNICIPAL ARPT,42.1066703,-83.1641751
621,OUTLAW FIELD ARPT,36.62177399999999,-87.41904099999999
622,BESSEMER ARPT,33.313076,-86.92277519999999
623,KINGMAN,35.189443,-114.0530065
624,MANAGUA INTL ARPT,12.1444609,-86.1710823
625,MELBOURNE INTL,28.1012659,-80.645078
626,YUBA COUNTY ARPT,39.0967457,-121.5695571
627,DANIEL ODUBER QUIROS INTL,10.6006042,-85.53580029999999
628,NAGOYA JAPAN,35.18145060000001,136.9065571
629,BOCA RATON ARPT,26.3829882,-80.10128259999999
630,RUSSELLVILLE REGIONAL ARPT,35.2609546,-93.0978507
631,HESLER-NOBLE FIELD ARPT,31.66646729999999,-89.1696939
632,SAN LUIS COUNTY REGIONAL ARPT,35.2375635,-120.6420134
633,WILLIAMSPORT,41.2411897,-77.00107860000001
634,MILLER AIR PARK ARPT,39.9257646,-74.2939871
635,SCHOLES INTL ARPT AT GALVESTON,29.2674865,-94.8553314
636,GENERAL RAFAEL BUELNA INTL,23.167125,-106.2701069
637,CONCORD REGIONAL ARPT,35.3804727,-80.7139661
638,CALGARY INTL,51.1215031,-114.0076156
639,AUBURN MUNICIPAL ARPT (WA),47.3261957,-122.2242996
640,FERIHEGY ARPT,47.4384587,19.2522958
641,JACQUELINE COCHRAN REGIONAL ARPT,33.6350918,-116.1616669
642,SIOUX GATEWAY ARPT,42.4053135,-96.3837817
643,PONCA CITY MUNICIPAL ARPT,36.7291939,-97.1004509
644,STENNIS INTL ARPT,30.37256979999999,-89.4514346
645,SOUTHERN CALIFORNIA LOGISTICS,34.5839839,-117.3787064
646,LOGAN-CACHE ARPT,41.7833988,-111.8543095
647,SOUTH JERSEY REGIONAL ARPT,39.9398384,-74.8432617
648,ARNOLD FIELD ARPT,43.2971929,-82.6078131
649,SAN BERNARDINO INTL ARPT,34.1005251,-117.24671
650,KNOXVILLE DOWNTOWN ISLAND ARPT,35.9621162,-83.8732757
651,DOTHAN REGIONAL ARPT,31.3148738,-85.44872099999999
652,ONA AIRPARK ARPT,38.4401823,-82.2012948
653,ARLINGTON MUNICIPAL ARPT (TX),32.6657223,-97.09148979999999
654,ALLIANCE MUNICIPAL ARPT,42.0619091,-102.806985
655,ABILENE REGIONAL ARPT,32.4118941,-99.6800464
656,DANIEL FIELD ARPT,33.4661169,-82.0353969
657,MANHATTAN REGIONAL,39.1371223,-96.6699273
658,ONEIDA COUNTY ARPT,45.6262146,-89.463867
659,LAWTON-FORT SILL REGIONAL ARPT,34.5693979,-98.4156182
660,WINNIPEG INTL,49.9056155,-97.2233109
661,CUYAHOGA COUNTY ARPT,41.566839,-81.4893158
662,DOVER AIR FORCE BASE,39.12773,-75.4684352
663,NORTH LAS VEGAS,36.1988592,-115.1175013
664,ROBT L BRADSHAW INTL,17.311215,-62.7140996
665,SIDNEY MUNICIPAL AR[T,40.2872793,-84.15349619999999
666,GUAM INTL ARPT,13.4852976,144.8008119
667,AUBURN-LEWISTON MUNICIPAL,44.048795,-70.287055
668,WRANGELL ARPT,56.4850237,-132.3795998
669,SAIPAN INTL,15.1197429,145.7282789
670,LAWRENCE J TIMMERMAN ARPT,43.1151306,-88.03231
671,TOMPKINS COUNTY ARPT,42.4910812,-76.4584974
672,OKMULGEE REGIONAL  ARPT,35.6669578,-95.9524756
673,SYDNEY INTL ARPT,-33.9399228,151.1752764
674,BLYTHEVILLE MUNICIPAL ARPT,35.9369503,-89.83223740000001
675,JACKSONVILLE NAS (TOWERS FIELD),30.2230864,-81.6851945
676,BEVERLY MUNICIPAL ARPT,42.5843983,-70.9153075
677,JOHN H BATTEN ARPT,42.7589337,-87.8204356
678,W K KELLOGG ARPT,42.298663,-85.2578135
679,EASTON/NEWMAN FIELD ARPT,38.8114304,-76.06473989999999
680,COLONEL JAMES JABARA ARPT,37.747501,-97.221107
681,CAMDENTON MEMORIAL ARPT,37.97472399999999,-92.691666
682,ELMIRA/CORNING MUNICIPAL,42.1604316,-76.8921794
683,BERMUDA DUNES ARPT,33.745641,-116.270726
684,MASON CITY MUNICIPAL,39.3537751,-84.30767519999999
685,SIERRA VISTA MUNICIPAL,31.59195059999999,-110.3288002
686,PERRY MUNICIPAL ARPT,36.2694855,-97.28167619999999
687,RICHARD B RUSSELL,34.178065,-82.76135699999999
688,PORTER COUNTY MUNICIPAL,41.466512,-87.06285199999999
689,NEW TOKYO INTL,35.7719867,140.3928501
690,STOCKTON METRO,37.8968929,-121.2514811
691,SOUTHERN ILLINOIS,37.7079717,-89.2229983
692,COLUMBUS MUNICIPAL ARPT (IN),39.25566389999999,-85.8971316
693,KETCHIKAN INTL ARPT,55.3554106,-131.7105604
694,CHAUTAUQUA COUNTY/JAMESTOWN ARPT,42.15274609999999,-79.25914759999999
695,PAGO PAGO INTL,-14.3289519,-170.7131661
696,PUNTA CANA INTL,18.5632813,-68.36849310000001
697,YELLOWSTONE REGIONAL,44.520442,-109.0225794
698,CAPITAL (BEIJING),39.90419989999999,116.4073963
699,GENERAL IGNACIO P GARCIA INTL,29.0900482,-111.0519677
700,FULTON COUNTY ARPT,33.7762621,-84.52209870000002
701,ANDERSON REGIONAL,32.3724894,-88.6992739
702,ANNISTON METROPOLITAN ARPT,33.5900919,-85.851479
703,SUNRIVER,43.8693935,-121.4333539
704,ST. LUCIA-VIGIE,14.0190917,-60.99619899999999
705,COASTAL CAROLINA REGIONAL ARPT,35.0735481,-77.04124259999999
706,KENMARE MUNICIPAL ARPT,0.0,0.0
707,MC ALESTER REGIONAL ARPT,34.8848645,-95.784645
708,CHANDLER MUNICIPAL ARPT,33.271614,-111.8133
709,MILLINGTON REGIONAL JETPORT ARPT,35.3494374,-89.8698184
710,SPRINGFIELD BECKLEY MUNICIPAL,39.8431394,-83.8436718
711,MONTROSE REGIONAL ARPT,38.5002349,-107.8992134
712,FORT DODGE REGIONAL,42.5520668,-94.18298329999999
713,FLYING CLOUD ARPT,44.8271762,-93.46107769999999
714,PANGBORN MEMORIAL,47.398951,-120.206495
715,GATWICK - LONDON,51.1536621,-0.1820629
716,PADGHAM FIELD,42.53002619999999,-85.8191842
717,SALINA MUNICIPAL,38.8402805,-97.61142369999999
718,HENRY E ROHLSEN ARPT,17.6994979,-64.79746960000001
719,SANFORD REGIONAL ARPT,43.401197,-70.710551
720,JEFFERSON COUNTY INTL,48.0576838,-122.8106263
721,MADISON COUNTY ARPT,39.934651,-83.4641807
722,LAKELAND LINDER REGIONAL,27.9945173,-82.0143138
723,WADENA MUNICIPAL,46.4424614,-95.1361386
724,PROVIDENCIALES INTL,21.7763463,-72.27133400000001
725,SHEREMETYEVO INTL,55.9736482,37.412503
726,DURANGO-LA PLATA CO,37.27528,-107.8800667
727,JOHNSTOWN-CAMBRIA,40.32674069999999,-78.9219698
728,STEWART INTL AIRPORT,41.4984032,-74.1008627
729,EDWARDS AIR FORCE BASE,34.9240314,-117.8912085
730,CORTEZ MUNICIPAL ARPT,37.3044395,-108.6299667
731,HOUMA-TERREBONNE ARPT,29.5663964,-90.65749369999999
732,ZURICH,47.3768866,8.541694
733,ANGOLA,-11.202692,17.873887
734,NEWARK-HEATH ARPT,40.0229849,-82.4630463
735,LIVERMORE MUNICIPAL ARPT,37.6960965,-121.8196537
736,CIUDAD DEL ESTE GARCIA,-25.5163685,-54.6138029
737,CHIPPEWA COUNTY INTL ARPT,46.2577577,-84.4744174
738,DODGE CITY REGIONAL ARPT,37.7601737,-99.96737669999999
739,CLINTON FIELD ARPT,39.502259,-83.86353299999999
740,KINSTON REGL JETPORT,35.3247252,-77.6113604
741,MEADOW LAKE ARPT,38.9524739,-104.5704044
742,MERIDEN MARKHAM MUNICIPAL ARPT,41.5091612,-72.8286031
743,PIERRE REGIONAL ARPT,44.383171,-100.2968215
744,PALO ALTO ARPT OF SANTA CLARA COUNTY,37.4550078,-122.1107903
745,BRACKETT FIELD ARPT,34.091507,-117.7820837
746,HAWTHORNE MUNICIPAL ARPT,33.922306,-118.3271026
747,AUGUSTA STATE,33.4755276,-82.02332830000002
748,NEWTON FIELD ARPT,45.6317446,-70.2472669
749,KOKOMO MUNICIPAL ARPT,40.5277802,-86.0580044
750,H L SONNY CALLAHAN ARPT,30.4645793,-87.8794429
751,TULIP CITY ARPT,42.7429177,-86.1069265
752,GRATIOT COMMUNITY,43.3774726,-84.66379169999999
753,UNIVERSITY PARK ARPT,40.8499873,-77.8486889
754,HAMPTON ROADS EXECUTIVE,36.7777605,-76.4474335
755,LEIPZIG-HALLE,51.4220814,12.2203805
756,HARTNESS STATE ARPT,43.3427903,-72.5185418
757,GLENDALE MUNICIPAL ARPT,33.5295984,-112.2974244
758,NORTHERN MAINE REGIONAL,46.6922264,-68.04525
759,SMYRNA ARPT,36.004326,-86.52589499999999
760,ALLEGHENY COUNTY ARPT,40.3523988,-79.92704619999999
761,GREENWOOD LAKE ARPT,41.1291983,-74.3428648
762,STEVENSVILLE,46.50992249999999,-114.0931588
763,ANDREWS UNIV AIRPARK,41.9505557,-86.3639159
764,OCEANA NAVAL AIR STATION,36.8206445,-76.0278013
765,AURORA MUNICIPAL ARPT,41.7681269,-88.4660789
766,HAYS REGIONAL,38.853909,-99.273786
767,LANSING MUNICIPAL ARPT,41.5341439,-87.5318223
768,CEDAR CITY REGIONAL,37.6955973,-113.0987798
769,GUNNISON COUNTY,38.6437083,-107.0067031
770,CUSTER ARPT,41.938277,-83.4343377
771,WARSAW MUNICIPAL (IN),41.2381,-85.8530469
772,GRAND CANYON NATIONAL,35.9970177,-112.1219618
773,PRIVATE AIR STRIP,35.4969073,-97.3741654
774,ST LOUIS REGIONAL,38.627385,-90.1921993
775,PHOENIX GOODYEAR ARPT,33.4245691,-112.3729813
776,MIDDLETON MUNI MOREY FIELD,43.1128523,-89.5312999
777,GREGG COUNTY ARPT,32.3876264,-94.71911860000002
778,ALTUS/QUARTZ MOUNTAIN RGNL ARPT,34.6969154,-99.335544
779,VIENNA INTL,48.1126125,16.5755139
780,HEFNER-EASLEY AIRSTRIP,35.96323,-95.3422793
781,STOCKTON MUNICIPAL ARPT,37.6642333,-93.81532299999999
782,M GRAHAM CLARK - TANEY COUNTY ARPT,36.61990249999999,-93.2254892
783,NASH FIELD INDIANOLA (PVT),41.3067228,-93.56749029999999
784,BEAUFORT COUNTY ARPT,32.4114871,-80.6344771
785,ELKHART-MORTON COUNTY ARPT,36.99926,-101.8860416
786,NORTHEAST PHILADELPHIA ARPT,40.078124,-75.0098314
787,HENRY TIFT MYERS ARPT,31.4278485,-83.4907078
788,WALLA WALLA REGIONAL,46.0873172,-118.2844589
789,FRIDAY HARBOR ARPT,48.5248261,-123.0261849
790,KILLEEN/FT HOOD REGIONAL,31.06324439999999,-97.81902099999999
791,AUSTIN-BERGSTROM INT,30.19747109999999,-97.66635289999999
792,MAJORS ARPT,33.0691653,-96.070567
793,PITTSFIELD MUNICIPAL (ME),44.7825145,-69.3833847
794,SELDOVIA,59.4380556,-151.7113889
795,RICHARD I BONG ARPT,46.6876941,-92.09199459999999
796,SOUTH ALBANY ARPT,42.560139,-73.835392
797,BARNES MUNICIPAL ARPT,42.1583986,-72.7156067
798,CENTRAL WISCONSIN ARPT,44.784201,-89.67268
799,MONROE-WALTON COUNTY,33.7948364,-83.713229
800,GREELEY-WELD COUNTY ARPT,40.4263688,-104.6368146
801,MACTAN-CEBU INTL,10.318134,123.978584
802,GUAYMAS INTL,27.9701272,-110.9219901
803,ALEXANDRIA INTL,31.3274112,-92.5451856
804,MUIR ARMY AIRFIELD,40.435691,-76.5676071
805,COOK COUNTY ARPT,31.1373583,-83.448117
806,ST. MARYS COUNTY REGIONAL,38.3154425,-76.5505739
807,BRAZORIA COUNTY ARPT,29.1109467,-95.4590841
808,MOFFETT FEDERAL AIRFIELD,37.4094963,-122.0510589
809,TRIPLE W ARPT,35.619695,-78.700135
810,OCEANSIDE  MUNICIPAL ARPT,33.2170008,-117.3513943
811,WINSTON FIELD ARPT,32.7008334,-100.9470087
812,MILLER FIELD ARPT,42.8611602,-100.5490264
813,EDWARD F KNAPP STATE ARPT,44.1998344,-72.560785
814,NORMAN MANLEY INTL,17.9375649,-76.7789935
815,PINCKNEYVILLE-DU QUOIN,38.0114393,-89.2361935
816,TAHITI FAAA,-17.5601684,-149.6079455
817,ROBERTSON FIELD,41.6911731,-72.8661882
818,LEESBURG INTL ARPT,28.8263931,-81.80049129999999
819,MCCORD FIELD ARPT,47.13344739999999,-122.485855
820,TRAVIS AIR FORCE BASE,38.2721187,-121.9398577
821,ANIMAS AIR PARK,37.2058393,-107.8661156
822,PATRICK AIR FORCE BASE,28.2394645,-80.60751719999999
823,MOODY AIR FORCE BASE,30.968611,-83.19305399999999
824,PETALUMA MUNICIPAL ARPT,38.2580396,-122.6086318
825,WRIGHT-PATTERSON AIR FORCE BASE,39.8137298,-84.05374479999999
826,DULUTH INTL ARPT,46.8387531,-92.1800102
827,BIG SANDY REGIONAL ARPT,37.7509434,-82.6367353
828,CHARLOTTESVILLE-ALBEMARLE ARPT,38.1394877,-78.4516149
829,CRYSTAL ARPT,45.0607236,-93.3555397
830,CASTLE ARPT,37.3734598,-120.5730887
831,ASHE COUNTY,36.4339674,-81.47183869999999
832,ANDREWS AIR FORCE BASE,38.7965203,-76.8836261
833,NEVADA COUNTY AIR PARK,39.22291209999999,-121.0051831
834,SANTIAGO INTL,-33.3897799,-70.7944273
835,BIRD FIELD AIRPORT,41.1326828,-100.6979522
836,ALTOONA-BLAIR COUNTY,40.5186809,-78.3947359
837,MIDLAND AIRPARK,32.0332897,-102.1008512
838,SCOTTSDALE ARPT,33.620429,-111.9152945
839,YUMA MCAS/YUMA INTL ARPT,32.6563828,-114.5814686
840,BUFFALO AIRFIELD ARPT,42.8620837,-78.71786019999999
841,IMPERIAL COUNTY ARPT,32.835205,-115.5723977
842,ST GEORGE MUNICIPAL ARPT,37.0308263,-113.5089302
843,VANDENBERG AIR FORCE BASE,34.7420267,-120.5724404
844,KENT STATE UNIVERSITY,41.1455594,-81.33928829999999
845,GEORGETOWN MUNICIPAL ARPT,30.6819253,-97.67362829999999
846,YOUNGSTOWN ELSER METRO,40.9614023,-80.6736119
847,LOPEZ ISLAND ARPT,48.48532100000001,-122.9372756
848,HARVEY FIELD,47.90734639999999,-122.09985
849,SOLDOTNA AIRPORT,60.478892,-151.0327949
850,GILLESPIE COUNTY,30.31499299999999,-98.92453429999999
851,JOHNSON COUNTY EXECUTIVE ARPT,38.8486279,-94.7377916
852,BRUCE CAMPBELL FIELD,32.4391083,-90.1029109
853,MARCH ARB ARPT,33.890884,-117.2617329
854,COLEMAN A YOUNG MUNICIPAL ARPT,42.4090864,-83.00382359999999
855,HENRI COANDA INTL ARPT,44.5707306,26.0844123
856,FREEPORT INTL,26.5481476,-78.69626989999999
857,BASEL-MULHOUSE-FREIBURG,47.5981647,7.525485499999999
858,NAS JRB FORT WORTH,32.7750793,-97.4237241
859,PAGE FIELD ARPT,26.5852027,-81.86358349999999
860,ALBERT J ELLIS,34.8291316,-77.60688429999999
861,LIBERAL MUNICIPAL,37.0430812,-100.920999
862,BROOKS COUNTY,27.0273057,-98.2212979
863,PIARCO TRINIDAD,10.6027182,-61.3326862
864,CHIPPEWA VALLEY REGIONAL ARPT,44.8622211,-91.48222190000001
865,DELAND MUNICIPAL ARPT,29.0607796,-81.2833115
866,FARMINGTON REGIONAL,37.7827766,-90.42006549999999
867,MIDDLE PENINSULA REGIONAL ARPT,37.5236025,-76.7627254
868,MATINICUS ISLAND ARPT,43.8691204,-68.8924974
869,CLAYTON COUNTY ARPT- TARA FIELD,33.3907733,-84.3251021
870,PRINCETON MUNICIPAL,40.3572976,-74.6672226
871,SUVARNABHUMI INTL ARPT (NEW BANGKOK ),13.6899991,100.7501124
872,SCHENECTADY COUNTY,42.8493445,-73.98300290000002
873,PATUXENT RIVER NAS,38.2750753,-76.4463107
874,COLES COUNTY MEMORIAL ARPT,39.4825096,-88.2831726
875,WALKER FIELD (IA),42.28669,-91.7841182
876,WATTS-WOODLAND ARPT,38.676692,-121.869453
877,GUSTAVUS ARPT,58.4215982,-135.7021945
878,LONDON-LUTON ARPT,51.87626460000001,-0.3717471
879,DILLANT-HOPKINS ARPT,42.9064535,-72.2726019
880,OCEAN REEF CLUB,25.3157875,-80.2797525
881,HURON REGIONAL ARPT,44.3850656,-98.2228224
882,LEE GILMER MEMORIAL ARPT,34.2736671,-83.8315121
883,ARANSAS COUNTY ARPT,28.086773,-97.044556
884,SKY HARBOR,33.4372686,-112.0077881
885,POCATELLO MUNICIPAL ARPT,42.9055766,-112.5886283
886,NORTH PLATTE REGIONAL,41.1326828,-100.6979522
887,NEW GARDEN,40.4937616,-77.11280719999999
888,BRADFORD REGIONAL,41.9609342,-78.6594003
889,GENESEE COUNTY ARPT,43.0295062,-78.1692388
890,GRANTLEY ADAMS BARBA,0.0,0.0
891,SOUTHWEST MICHIGAN REGIONAL,42.1273513,-86.4257078
892,WASHINGTON COUNTY,45.5469616,-123.1386021
893,ARLINGTON MUNICIPAL ARPT (WA),48.160756,-122.1522129
894,YELLOWSTONE ARPT,44.6867178,-111.1145613
895,PROVO MUNICIPAL ARPT,40.2180508,-111.7222357
896,DEER PARK ARPT,47.9660701,-117.4358349
897,STANSTEAD-LONDON,51.8860181,0.2388661
898,ZELIENOPLE MUNICIPAL,40.7945096,-80.1367271
899,NORWOOD MEMORIAL ARPT,42.1919985,-71.17662179999999
900,LA CHOLLA AIRPARK ARPT,32.4466541,-111.0031639
901,LINCOLN PARK ARPT,40.9511383,-74.3140749
902,FLAGLER COUNTY ARPT,29.4723809,-81.2082689
903,DEADHORSE ARPT,70.1984121,-148.4611183
904,OCEAN CITY MUNICIPAL  ARPT (MD),38.3110953,-75.1238896
905,WILLISTON MUNICIPAL ARPT,29.3594459,-82.47286849999999
906,SANTA MONICA MUNICIPAL,34.0178143,-118.4473286
907,CLINTONVILLE MUNICIPAL ARPT,44.6122971,-88.7299431
908,INCIRLIK AIR BASE,36.9980083,35.4176527
909,MUELLER FARM ARPT,0.0,0.0
910,JIM HAMILTON L B OWENS ARPT,33.9715611,-80.9967684
911,WINGS FIELD ARPT,40.1348777,-75.2651631
912,CHARLTON BUILDING HELIPORT,44.0240637,-92.46695
913,MID-AMERICA INDUSTRIAL,36.2469729,-95.2891391
914,ARTURO MICHELENA INTL,10.1543841,-67.92307459999999
915,DAKAY-YOFF-LEOPOLD SEDAR SENGHOR,14.7506311,-17.4708861
916,JOSE MARIA CORDOVE ARPT,6.170763399999999,-75.4276201
917,FESTUS MEMORIAL ARPT,38.1952857,-90.3860187
918,MIDDLE GEORGIA REGIONAL,32.7014571,-83.65010079999999
919,STUTTGART GERMANY,48.7758459,9.1829321
920,BEN GURION ARPT,32.005532,34.8854112
921,NEW CHITOSE,42.7821844,141.6890474
922,UMMC HELIPORT,42.2852836,-83.7275937
923,GLASGOW MUNICIPAL ARPT,37.03096000000001,-85.95408499999999
924,BOIRE FIELD,42.7803422,-71.51842909999999
925,CAPITOL,38.8899389,-77.0090505
926,PEARSON FIELD ARPT,45.6223129,-122.6558909
927,SPANISH FORK-SPRINGVILLE,40.1372216,-111.6606161
928,ST CLAIR COUNTY INTL ARPT,42.910439,-82.5280952
929,PERRY COUNTY MUNICIPAL,39.7140532,-82.2081891
930,OLIVE BRANCH ARPT,34.9790423,-89.7888265
931,NORTH BEND MUNICIPAL,47.4956579,-121.7867775
932,CALI/VALLE,3.4516467,-76.5319854
933,NICE (FRANCE),43.7101728,7.261953200000001
934,NEW RICHMOND REGIONAL,45.1497489,-92.5402326
935,SMITH REYOLDS ARPT,36.137433,-80.2268386
936,EASTERN OREGON REGIONAL ARPT,45.689535,-118.839413
937,CARROLL COUNTY ARPT,36.3833008,-93.61962899999999
938,WAUSAU DOWNTOWN ARPT,44.92946269999999,-89.628243
939,MACON DOWNTOWN ARPT,32.8257883,-83.56711489999999
940,OSCEOLA MUNICIPAL ARPT,41.0504493,-93.69124599999999
941,CALVADA MEADOWS ARPT,36.274739,-115.997722
942,CHEHALIS-CENTRALIA ARPT,46.6768746,-122.9828452
943,BARKLEY REGIONAL ARPT,37.0612439,-88.7675112
944,PLANT CITY ARPT,28.0018346,-82.1623831
945,MALCOLM MCKINNON ARPT,31.1537482,-81.3890863
946,MERCEDITA ARPT,18.0105611,-66.5632107
947,COVENTRY ARPT,52.3693849,-1.480731
948,VIRU VIRU INTL,-17.6431198,-63.14075649999999
949,FOWLER ARPT,38.0723608,-104.046235
950,NAPLES MUNICIPAL,26.1521074,-81.77494759999999
951,HEBER CITY MUNICIPAL,40.5070087,-111.4133234
952,SELAWICK ARPT,66.6009913,-159.99733
953,SEELEY LAKE,47.1793799,-113.4845229
954,CORVALLIS MUNICIPAL ARPT,44.50317,-123.2847824
955,PAUMA VALLEY AIR PARK ARPT,33.3006689,-116.9851028
956,TYLER POUNDS FIELD,32.3511258,-95.40962929999999
957,SOUTHAMPTON ARPT,50.9514562,-1.3577022
958,LAWRENCE MUNICIPAL ARPT (MA),42.71456329999999,-71.1201801
959,NORTH PALM BEACH CNTY GEN AVTN,26.8488114,-80.2236784
960,GILLESPIE FIELD ARPT,32.8267321,-116.9725114
961,WALLOPS FLIGHT FACILITY,37.9367022,-75.4698836
962,LEWIS UNIVERSITY ARPT,41.6049742,-88.091909
963,DEL RIO INTL ARPT,29.3705861,-100.920213
964,RAS TANAJIB,27.8717427,48.7692148
965,FRAZIER LAKE AIRPARK,36.9522959,-121.468006
966,RIYAHD AIR BASE,24.7092225,46.72504259999999
967,GNOSS FIELD ARPT,38.1418486,-122.5568584
968,LYNCHBURG REGIONAL,37.3261007,-79.2013956
969,THUNDER BAY,48.3808951,-89.2476823
970,VIRGINIA HIGHLANDS ARPT,36.6854477,-82.0338821
971,UGNU-KUPARUK ARPT,70.32953499999999,-149.612145
972,BOLINGBROOKS CLOW INTL,41.6958919,-88.1288051
973,POSSUM KINGDOM ARPT,32.9222787,-98.4387498
974,CRAIG MUNICIPAL ARPT,30.3364058,-81.51353519999999
975,SOUTHEAST TEXAS REGIONAL ARPT,29.9548176,-94.01854589999999
976,WASHINGTON COUNTY MEMORIAL,37.9259533,-90.7728784
977,ROCK SPRINGS-SWEETWATER CO,41.58746439999999,-109.2029043
978,MC GUIRE AIR FORCE BASE,40.0351776,-74.5844061
979,EDSON,41.7213674,-70.9522559
980,NOME ARPT,64.5099347,-165.4435152
981,HERNANDO VILLAGE ARPK,0.0,0.0
982,SCOTT AFB/MIDAMERICA,38.5476913,-89.81566610000002
983,SIGONELLA,37.4081248,14.9112368
984,EAST KANSAS CITY ARPT,39.0164488,-94.20857330000001
985,STEPHENVILLE,32.2206958,-98.2022633
986,SANDPOINT ARPT,48.2936405,-116.5619771
987,EUGENIO MARIA DE HOSTOS ARPT,18.255084,-67.1484859
988,BRITTON MUNICIPAL ARPT SD,45.8139465,-97.74150949999999
989,FORT COLLINS-LOVELAND,40.3977612,-105.0749801
990,OTTAWA/MACDONALD-CARTIER INTL,45.319212,-75.66916520000001
991,CORDOVA MUNICIPAL ARPT,60.5436437,-145.7259285
992,LIVINGSTON COUNTY SPENCER J HARDY,42.6296209,-83.98237739999999
993,BLACKBUSHE ARPT,51.322724,-0.839332
994,HALF MOON BAY,37.4635519,-122.4285862
995,FARIFIELD COUNTY ARPT,39.7542678,-82.6626752
996,ELKHART MUNICIPAL ARPT,41.7237964,-85.997672
997,KIRKSVILLE REGIONAL,40.19475389999999,-92.5832496
998,WHEELER-SACK ARMY AIRFIELD,44.06034529999999,-75.6966132
999,HOUGHTON COUNTY MEM,47.16870429999999,-88.4941169
1000,WESTERLY STATE ARPT,41.3500496,-71.80700139999999
1001,SUDBURY,46.4917317,-80.99302899999999
1002,MIAMI VALLEY HOSPITAL HELIPORT,39.7455744,-84.186315
1003,MUSKOKA,45.1841122,-79.4084652
1004,WILLMAR MUNICIPAL,45.1211013,-95.05287050000001
1005,ALPENA COUNTY REG,45.0682596,-83.4414103
1006,SHEBOYGAN COUNTY MEMORIAL ARPT,43.7644208,-87.85128879999999
1007,ANN ARBOR MUNICIPAL,42.2808256,-83.7430378
1008,BERLIN TEGEL,52.5588327,13.2884374
1009,SITKA (SPB),57.0530556,-135.33
1010,VALKARIA,27.939804,-80.571043
1011,JASPER COUNTY ARPT-BELL FIELD,30.889177,-94.03492729999999
1012,HANA ARPT,20.7948695,-156.014732
1013,T B LETTSOME INTL,18.4442003,-64.5371796
1014,OWATONNA DEGNER REGIONAL ARPT,44.1212536,-93.2503304
1015,LANCASTER ARPT (PA),40.1187769,-76.29937029999999
1016,SOUTHWEST MINNESOTA REGIONAL ARPT,44.4448814,-95.8205108
1017,PORTLAND-TROUTDALE ARPT,45.5479186,-122.3968382
1018,GREENVILLE MUNICIPAL,33.138723,-96.10960089999999
1019,GRIFFISS INTL,43.2258402,-75.4051114
1020,COBB COUNTY ARPT-MC COLLUM FIELD,34.014574,-84.60030139999999
1021,SEBRING REGIONAL ARPT,27.4555504,-81.34571509999999
1022,BAHRAIN INTL,26.2697909,50.6260439
1023,HENDERSON CITY-COUNTY ARPT,37.8105693,-87.6778373
1024,RAFAEL HERNANDEZ ARPT,18.4953957,-67.1355779
1025,CHADRON MUNICIPAL ARPT,42.8289275,-103.0968004
1026,DIAMOND POINT AIRSTRIP,0.0,0.0
1027,BELIZE INTERNATIONAL ARPT,17.5360677,-88.3077692
1028,HENDRICKS COUNTY-GORDON GRAHAM FIELD,39.7466667,-86.4752778
1029,THIEF RIVER FALLS REGIONAL,48.06558219999999,-96.1795806
1030,MARLBORO ARPT,42.34388,-71.5121285
1031,ST. CLOUD REGIONAL,28.243444,-81.303686
1032,AUCKLAND INTL,-37.0082476,174.7850358
1033,PLYMOUTH MUNICIPAL ARPT (MA),41.90873089999999,-70.7313188
1034,DIXON ARPT,41.032182,-107.5026054
1035,NEW CASTLE MUNICIPAL ARPT,41.02545569999999,-80.4117869
1036,VICTORIA REGIONAL,28.852345,-96.9199383
1037,RALEIGH COUNTY MEMORIAL,37.7841453,-81.1211318
1038,SPACE COAST REGIONAL,28.5133625,-80.7988013
1039,WAUKESHA COUNTY ARPT,43.0388566,-88.23760089999999
1040,MANISTEE COUNTY-BLACKER ARPT,44.2754452,-86.2562133
1041,SHENZHEN,22.543096,114.057865
1042,MAGNOLIA MUNICIPAL,30.2141854,-95.74542729999999
1043,RANGE REGIONAL ARPT,47.3921561,-92.8421461
1044,ROCK HILL (YORK CO) BRYANT FLD,34.987124,-81.05820419999999
1045,HUMBERSIDE,43.6599513,-79.4706461
1046,KELLEYS ISLAND LAND FIELD ARPT,41.6035797,-82.6873255
1047,PELLSTON REGIONAL,45.5714903,-84.78618340000001
1048,GANDER INTL,48.946558,-54.5756957
1049,BRISTOL INTL,51.38363039999999,-2.7135463
1050,HUTCHINSON MUNICIPAL-BUTLER FLD,44.858891,-94.38166799999999
1051,SELFRIDGE AIR NATIONAL GUARD BASE,42.6149503,-82.8288888
1052,SHREVEPORT DOWNTOWN ARPT,32.54138,-93.74941059999999
1053,KERVILLE MUNICIPAL,30.0474332,-99.1403189
1054,LONDON ASHFORD ARPT,50.9557337,0.9335221
1055,PICKAWAY COUNTY MEMORIAL ARPT,39.521131,-82.9798702
1056,ROBERTS FIELD ARPT,44.2532061,-121.1608592
1057,MURTALA MUHAMMED,0.0,0.0
1058,ORMOND BEACH MUNICIPAL ARPT,29.297079,-81.1075134
1059,BURLINGTON-ALAMANCE REGIONAL,36.06109,-79.50215299999999
1060,ANACORTES,48.51260449999999,-122.6126718
1061,STINSON MUNICIPAL ARPT,29.3390636,-98.46788020000001
1062,LA CHINITA INTL,10.5577267,-71.7280626
1063,JORGE CHAVEZ INTL,-12.0240527,-77.112036
1064,MCCONNELL AIR FORCE BASE,37.631893,-97.25142459999999
1065,GRANT COUNTY,47.1981147,-119.3732456
1066,SAN SALVADOR INTL,13.4448368,-89.0570527
1067,GUAYAQUIL/S BOLIVAR,-2.1564919,-79.8898816
1068,SEBASTIAN MUNICIPAL,27.807669,-80.48978799999999
1069,BELLEVILLE MUNICIPAL,40.7862655,-74.1525379
1070,GUERNSEY ARPT,49.434081,-2.5994887
1071,TOLUCA/LIC ADOLFO,19.3207538,-99.63329859999999
1072,VERNAL ARPT,40.4426524,-109.5137786
1073,GWINNETT COUNTY - BRISCOE FIELD,33.9754965,-83.9625236
1074,VANDENBERG ARPT,28.0111585,-82.34446849999999
1075,ALDERGROVE (BELFAST INTL),54.656309,-6.2171452
1076,SHERIDAN COUNTY ARPT,44.7738565,-106.9705132
1077,KIT CARSON COUNTY,39.3844507,-102.5298028
1078,GREEN COUNTY,42.6287336,-89.62516459999999
1079,CARLISLE MUNICIPAL,41.4986013,-93.4835466
1080,LAS CRUCES INTL,32.2912322,-106.9208121
1081,DOHA INTL,25.2608759,51.61384169999999
1082,CLEVELAND MUNICIPAL ARPT,30.3600647,-95.0079119
1083,TAPPAHANNOCK-ESSEX COUNTY,37.9254135,-76.8591301
1084,BRUNSWICK GOLDEN ISLES,31.2548331,-81.46691109999999
1085,KITCHENER/WATERLOO REGIONAL,43.4177987,-80.3891335
1086,CAPE TOWN INTL ARPT,-33.971463,18.6020851
1087,PENNS LANDING HELIPORT,39.9375411,-75.1418726
1088,WATERTOWN,42.3709299,-71.1828321
1089,DE KALB TAYLOR MUNICIPAL ARPT,41.93147219999999,-88.7112082
1090,ALDERNEY ARPT,49.7087532,-2.2148435
1091,NEW SMYRNA BEACH MUNICIPAL ARPT,29.0564015,-80.9423624
1092,BAY BRIDGE,38.9906626,-76.3711646
1093,DUNKIRK ARPT,42.490578,-79.2740914
1094,ERA HELICOPTERS CAMERON BASE HELIPORT,29.7812263,-93.2930002
1095,FIRST FLIGHT,36.0054571,-75.6566854
1096,NORTH TEXAS REGIONAL ARPT,33.7127772,-96.666761
1097,EVANSTON-UINTA COUNTY BURNS FIELD,41.2682268,-111.0253641
1098,OSBORNE ARPT,28.5237007,-81.87491279999999
1099,KALAUPAPA ARPT,21.2095336,-156.9748077
1100,EAGLE COUNTY REGIONAL,39.64003,-106.91398
1101,COOPERSTOWN MUNICIPAL ARPT,47.4248887,-98.1100936
1102,VISALIA MUNICIPAL ARPT,36.3266944,-119.3986278
1103,JESSE VIERTEL MEMORIAL ARPT,38.94586710000001,-92.6828567
1104,MADISON COUNTY EXECUTIVEARPT,34.8619398,-86.5553213
1105,GOOSE BAY,53.3016826,-60.3260842
1106,PHILIP BILLARD MUNICIPAL ARPT,39.0668383,-95.6276506
1107,ERA HELICOPTERS FOURCHON HELIBASE,29.1259237,-90.20660149999999
1108,EARECKSON AIR STATION,52.7139736,174.1136183
1109,CAVERN CITY AIR TERMINAL,32.3455852,-104.2526954
1110,EDINBURGH ARPT,55.950785,-3.3614532
1111,MARSHFIELD MUNI/G HARLOW FLD,42.0969505,-70.6771545
1112,ST. GEORGE  ARPT (AK),56.577025,-169.6637259
1113,PHI VENICE HELIPORT,29.3533813,-89.4383829
1114,ANTONE RANCH ARPT,44.50919700000001,-119.8764891
1115,RAMSTEIN AIR FORCE BASE,49.440024,7.597252399999999
1116,ROBERT L SUGGS HELIPORT,0.0,0.0
1117,CAPE COD COAST GUARD AIR STATION,41.6653252,-70.52467639999999
1118,MITCHELL MUNICIPAL ARPT,43.7743244,-98.03859109999999
1119,CHANDLER FIELD ARPT,45.8650799,-95.3902444
1120,LACONIA MUNICIPAL,43.5732344,-71.42525239999999
1121,POPLAR BLUFF MUNICIPAL,36.754673,-90.39748379999999
1122,WAYNE COUNTY,42.2790746,-83.33618799999999
1123,JERSEY ARPT,49.2074637,-2.1952207
1124,NOI BAI INTL ARPT,21.2187149,105.8041709
1125,GLOUCESTERSHIRE ARPT,51.8929214,-2.1577797
1126,DOWNTOWN MANHATTAN/WALL ST HELIP,40.7015101,-74.0091494
1127,WAYNESVILLE-ST ROBERT REGIONAL FORNEY FIELD,37.7328155,-92.1368026
1128,PROVINCETOWN MUNICIPAL ARPT,42.0760536,-70.21696469999999
1129,FARNBOROUGH ARPT,51.283039,-0.777307
1130,NEWPORT STATE ARPT,41.5318166,-71.2806057
1131,ARNOLD PALMER REGIONAL,40.2730644,-79.4082315
1132,DOBBINS AIR RESERVE BASE,33.9188582,-84.50464509999999
1133,HUTSON FIELD ARPT,48.4112222,-97.3677649
1134,OCEAN CITY MUNICIPAL (NJ),39.2776156,-74.5746001
1135,OOSTTENDE,51.21543,2.928656
1136,LANGLEY AIR FORCE BASE,37.08350739999999,-76.35922409999999
1137,USAF ACADEMY BULLSEYE AUX AIRSTRIP,38.9983094,-104.8613176
1138,COMPTON/WOODLEY ARPT,33.8898146,-118.2436733
1139,FOLSOM FIELD ARPT,34.2709279,-86.8586375
1140,ENTERPRISE MUNICIPAL ARPT,31.2996559,-85.8962554
1141,NORTH CENTRAL STATE ARPT,41.920192,-71.48925899999999
1142,HIGGINSVILLE INDUSTRIAL MUNICIPAL ARPT,39.0736047,-93.6749784
1143,GALEAO INTL (RIO),-22.805265,-43.25662930000001
1144,MONTICELO MUNICIPAL ARPT,33.6430405,-91.7477976
1145,GLASGOW INTL/WOKAL FIELD,48.2096023,-106.6266403
1146,HOMESTEAD AIR RESERVE BASE,25.495459,-80.39475100000001
1147,HAYFORK ARPT,40.547085,-123.181694
1148,SOUTHEAST IOWA REGIONAL ARPT,40.7815013,-91.1200059
1149,SUMMERSVILLE ARPT,38.2316888,-80.87075800000001
1150,MACDILL AIR FORCE BASE,27.8531293,-82.50299729999999
1151,ANGELINA COUNTY,31.2704698,-94.645035
1152,ALLENTOWN QUEEN CITY MUNICIPAL,40.5740982,-75.48720000000002
1153,CLAREMONT MUNICIPAL ARPT,43.3706482,-72.36884959999999
1154,ONTARIO MUNICIPAL ARPT,44.0205569,-117.013611
1155,NORTHEASTERN REGIONAL,0.0,0.0
1156,FINDLAY ARPT,41.0120984,-83.66869659999999
1157,OPA-LOCKA EXECUTIVE ARPT,25.9074498,-80.2774304
1158,CARROLL COUNTY-TOLSON ARPT,40.5624656,-81.0784378
1159,GILLETTE CAMPBELL CO,44.2910915,-105.5022205
1160,SCOTT CITY MUNICIPAL ARPT,38.4785035,-100.8862299
1161,FAULKTON MUNICIPAL ARPT,45.0332983,-99.11640899999999
1162,WILDER ARPT,0.0,0.0
1163,NYPD AIR OPS HELIPORT -PVT,0.0,0.0
1164,ADAK ARPT,51.8696448,-176.6454741
1165,BAGRAM AIR BASE,34.9402503,69.2549736
1166,PINE RIVER REGIONAL ARPT,46.7275466,-94.38648979999999
1167,CHILLICOTHE MUNICIPAL ARPT,39.7787551,-93.4951248
1168,BROWNSVL/SO PADRE IS,25.9063266,-97.4269855
1169,RICHLAND ARPT,46.3007984,-119.301095
1170,RHINELANDER-ONEIDA COUNTY,45.6366228,-89.4120753
1171,POMPANO BEACH AIRPARK,26.2487914,-80.11309279999999
1172,ODESSA-SCHLEMEYER FIELD ARPT,31.9210457,-102.3907812
1173,TWIN LAKES RANCH ARPT,47.8636081,-116.8094915
1174,GRANITE FALLS MUNICIPAL ARPT,44.7520828,-95.55763239999999
1175,BLUE SPRINGS HELIPORT,38.9224569,-94.4038612
1176,WASHINGTON EXECUTIVE ARPT HYDE FIELD,38.7479744,-76.93347899999999
1177,SAN LUIS VALLEY REGIONAL,37.4438466,-105.8645118
1178,LOUISA COUNTY ARPT/FREEMAN FLD,38.009998,-77.971947
1179,LEA COUNTY REGIONAL ARPT,32.6923483,-103.214364
1180,DELAWARE COUNTY REGIONAL ARPT,40.240395,-85.393616
1181,MARINA MUNICIPAL ARPT,36.6807413,-121.7633199
1182,GREAT BENT MUNICIPAL,38.3644567,-98.7648073
1183,DELPHI MUNICIPAL ARPT,40.547039,-86.6824493
1184,LONDON-CORBIN ARPT-MAGEE  FIELD,37.0873814,-84.0695071
1185,ARLANDA SWEDEN,59.6497622,17.9237807
1186,CANYONLANDS FIELD,38.7613296,-109.7449264
1187,INDEPENDENCE MUNICIPAL ARPT,37.1564389,-95.7730042
1188,SOUTH COUNTY ARPT OF SANTA CLARA COUNTY,37.081905,-121.5970015
1189,THROCKMORTON MUNICIPAL,33.1787153,-99.17757560000001
1190,EL RENO REGIONAL ARPT,35.4726587,-98.0028104
1191,VANCE BRAND ARPT,40.1642644,-105.163375
1192,MARCO POLO INTL,40.7925288,-73.4171923
1193,STILLWATER REGIONAL ARPT,36.158678,-97.08287279999999
1194,OWOSSO COMMUNITY ARPT,42.9930458,-84.13945910000001
1195,BRANSON ARPT,36.5385446,-93.19907289999999
1196,BOLIVAR MUNICIPAL ARPT,37.5981704,-93.350043
1197,LIEGE ARPT,50.6411593,5.447911599999999
1198,SOUTH LAFOURCHE LEONARD MILLER  JR ARPT,29.4326896,-90.27607429999999
1199,SHOW LOW REGIONAL ARPT,34.2639019,-110.0074419
1200,BALDWIN COUNTY ARPT,33.1537658,-83.2407152
1201,CANANDAIGUA ARPT,42.90781399999999,-77.319589
1202,BOWMAN FIELD ARPT,38.2289185,-85.66539980000002
1203,YORK ARPT,39.9232727,-76.8775606
1204,QUEBEC/JEAN LESAGE INTL,46.7907327,-71.38860129999999
1205,CORSICANA MUNICIPAL ARPT,32.1643732,-95.8284611
1206,PASO ROBLES MUNICIPAL ARPT,35.6720769,-120.637983
1207,MERCED MUNICIPAL,37.3021632,-120.4829677
1208,SKAGIT REGIONAL,48.4179772,-122.3240117
1209,JOPLIN REGIONAL,37.0847269,-94.241987
1210,ELK GROVE ARPT,38.305887,-121.4297127
1211,JACK EDWARDS ARPT,30.2868618,-87.67950549999999
1212,PAGE MUNICIPAL,36.9244374,-111.451092
1213,DEMING MUNICIPAL ARPT,32.2656229,-107.7249652
1214,WINDHAM ARPT,41.7415256,-72.18210490000001
1215,INVERNESS ARPT,28.7991509,-82.3166353
1216,FERANDINA BEACH MUNICIPAL ARPT,30.6131028,-81.46227449999999
1217,DANVILLE REGIONAL ARPT,36.5748858,-79.3362636
1218,FRENCH LICK MUNICIPAL ARPT,38.5058476,-86.6378058
1219,HEWANORRA ST LUCIA,13.7363263,-60.9502706
1220,METRO HEALTH MEDICAL CENTER HELIPORT,41.4620817,-81.698272
1221,NEWTON CITY/COUNTY ARPT,38.0533303,-97.27938650000002
1222,HOBBY FIELD ARPT,43.9312768,-123.0081586
1223,SPRINGDALE MUNICIPAL ARPT,36.17398490000001,-94.12224409999999
1224,PETERSBURG JAMES A JOHNSON ARPT,56.8016796,-132.9482065
1225,SHOREHAM ARPT,50.8334678,-0.2906287
1226,KUNSAN,35.9676772,126.7366293
1227,BEARCE ARPT,0.0,0.0
1228,C.E.F. AIRPORT,42.1796473,-72.5558413
1229,SHALZ FIELD ARPT,39.4264793,-101.0507736
1230,HOMESTEAD GENERAL AVIATION ARPT,25.5013248,-80.55398939999999
1231,RUCKEL AIRPORT,30.5213894,-86.43845549999999
1232,CAMPBELL ARPT,42.3256914,-88.07938949999999
1233,DILLINGHAM ARPT,59.042942,-158.5135804
1234,MESQUITE METRO ARPT,32.7502123,-96.5329332
1235,FRANK WILEY FIELD ARPT,46.4289004,-105.8834368
1236,DELAWARE AIRPARK,39.2176431,-75.5959487
1237,ROCHESTER ARPT,43.1225229,-77.66657219999999
1238,WATSONVILLE MUNICIPAL ARPT,36.9342609,-121.7878176
1239,MARICOPA MEDICAL CENTER HELIPORT,33.4568723,-112.0266973
1240,BLUE RIDGE ARPT,36.6312561,-80.0154647
1241,BIGGIN HILL ARPT,51.3319582,0.0290574
1242,GLADEWATER MUNICIPAL ARPT,32.6999626,-94.9477422
1243,GREELEY MUNICIPAL ARPT,40.4263688,-104.6368146
1244,VICKSBURG TALLULAH REGIONAL ARPT,32.3531979,-91.0271034
1245,GLACIER PARK INTL,48.3076648,-114.2525337
1246,NEW CENTURY AIRCENTER ARPT,38.8390057,-94.89346180000001
1247,WARREN FIELD ARPT,35.5710875,-77.0445654
1248,IXTAPA-ZIHUATENEJO,17.6625661,-101.58734
1249,OCONEE COUNTY REGIONAL ARPT,34.670951,-82.8844062
1250,WAKEMAN ARPT,41.2977663,-82.36892089999999
1251,GENERAL WM J FOX AIRFIELD,34.7386703,-118.2163306
1252,ROWAN COUNTY ARPT,35.639943,-80.5194999
1253,CINCINNATI-BLUE ASH ARPT,39.2518782,-84.38761869999999
1254,WATERTOWN MUNICIPAL ARPT,43.17129509999999,-88.72799359999999
1255,SUMMIT HEALTHCARE RGNL MED CENTER,34.2025113,-110.0184174
1256,PHI FOURCHON BASE HELIPORT,29.10556,-90.19444
1257,HOUSTON EXECUTIVE ARPT,29.8012,-95.9050917
1258,OLYMPIA ARPT,46.97531970000001,-122.8971361
1259,STEEL PIER TAJ MAHAL HELIPORT,39.35766810000001,-74.41917160000001
1260,FREEMAN MUNICIPAL ARPT,38.9247623,-85.9072801
1261,AIR LOGICTICS N HELIPORT,30.0515913,-91.8790069
1262,VALDEZ PIONEER FIELD ARPT,61.133889,-146.248333
1263,ORANGE COUNTY ARPT (NY),41.5143719,-74.2588502
1264,AUBURN-OPELIKA RG PITTS,32.6137114,-85.4715501
1265,METTEL FIELD ARPT,39.6957168,-85.1348876
1266,PINAL AIRPARK,32.5225963,-111.3332279
1267,LARAMIE REGIONAL,41.3201937,-105.6703447
1268,SCAMMON BAY AIRPORT,61.8446667,-165.5745121
1269,BARSTOW-DAGGETT ARPT,34.8573499,-116.7881655
1270,HORACE WILLIAMS ARPT,35.9341909,-79.0606373
1271,KEARNEY MUNICIPAL,39.3677802,-94.3621703
1272,COLUMBIA COUNTY ARPT,42.2910031,-73.71027219999999
1273,ROGERS MUNICIPAL ARPT-CARTER FIELD,36.372223,-94.10694099999999
1274,SASKATOON/JOHN G. DIEFENBAKER INTL,52.1745886,-106.7004823
1275,SHELL LAKE MUNICIPAL ARPT,45.7309772,-91.92013709999999
1276,GREENVILLE DOWNTOWN ARPT,34.8504093,-82.3513534
1277,KINGS LAND O' LAKES ARPT,46.1559646,-89.2113232
1278,ALBERT LEA MUNICIPAL ARPT,43.6804219,-93.365344
1279,AIR LOGISTICS HELIPORT,30.0515913,-91.8790069
1280,JASPER COUNTY ARPT,40.9426148,-87.1833367
1281,DOMODEDOVE INTL ARPT,55.41030689999999,37.9024513
1282,RIVERTON REGIONAL,43.0613253,-108.4584185
1283,DEVILS LAKE REGIONAL ARPT,48.1090636,-98.9038973
1284,ARDMORE MUNICIPAL,34.1742611,-97.14362539999999
1285,ADIRONDAK REGIONAL ARPT,44.3804755,-74.20342529999999
1286,GWINNER-ROGER MELROE FIELD ARPT,46.2185107,-97.6428241
1287,POINT SALINES INTL,12.0071446,-61.7859255
1288,SIDNEY-RICHLAND MUNICIPAL ARPT,47.7108383,-104.1845855
1289,ST. MARIES MUNICIPAL,47.3143541,-116.5626675
1290,WINDSOR,37.0423698,-95.6597061
1291,NORTHWEST FLORIDA BEACHES INTL,30.3548543,-85.7995134
1292,CHEFORNAK ARPT,60.137934,-164.2820767
1293,JAMESTOWN REGIONAL,46.8900691,-98.7472308
1294,BOLINDER FIELD - TOOELE VALLEY ARPT,40.6117248,-112.3475189
1295,LAKE PALOURDE BASE HELIPORT,29.6932515,-91.0986934
1296,PRINCEVILLE ARPT,22.2110395,-159.4430727
1297,QUINCY REGIONAL ARPT - BALDWIN FLD,39.9368871,-91.1941325
1298,CHEVRON USA INC SEAPLANE BASE,29.2633671,-89.353242
1299,ROCK COUNTY,42.6251506,-89.0179332
1300,CAPE GIRARDEAU MUNICIPAL,37.3058839,-89.51814759999999
1301,LAWRENCE MUNICIPAL  ARPT (KS),39.0070165,-95.21640289999999
1302,JOHN S DUNN HELISTOP,29.7139206,-95.39494529999999
1303,KONGIGANAK ARPT,59.9606618,-162.8814157
1304,OLD SARUM AIRFIELD,51.100611,-1.783647
1305,KNOX COUNTY REGIONAL,44.061802,-69.09430499999999
1306,CLEVELAND CLINIC FOUNDATION HELIPORT,41.5032134,-81.6233376
1307,GEORGE M BRYAN ARPT,33.4361069,-88.8459554
1308,RANGLEY ARPT,44.9916653,-70.66290699999999
1309,HARRISON COUNTY ARPT,32.5191628,-94.3075726
1310,TACHIKAWA/YOKOTA AB ARPT,35.7331931,139.3418051
1311,HAVRE CITY-COUNTY ARPT,48.5438304,-109.7591257
1312,YAZOO COUNTY ARPT,32.8860493,-90.46058149999999
1313,NORTH WEALD AIRFIELD,51.7176248,0.1599117
1314,GRAND RAPIDS/ITASCA COUNTY ARPT,47.2109172,-93.5111771
1315,EEK ARPT,60.2147333,-162.0435994
1316,KLAWOCK ARPT,55.5791982,-133.0706506
1317,BARROW COUNTY ARPT,33.9809962,-83.6759214
1318,GREENWOOD MUNICIPAL ARPT,39.6303204,-86.0900044
1319,ADDINGTON FIELD ARPT,37.6893092,-85.9255762
1320,PAUL C MILLER-SPARTA ARPT,43.1273845,-85.6798839
1321,MC KELLER FLD ARPT,35.6024496,-88.92146269999999
1322,BANGALORE INTL ARPT,13.1986348,77.7065928
1323,CUBA MUNICIPAL ARPT,38.0668716,-91.4271926
1324,PITT-GREENVILLE ARPT,35.631926,-77.3798351
1325,FORT WORTH SPINKS ARPT,32.5627368,-97.31309619999999
1326,TRENTON MUNICIPAL ARPT,40.083611,-93.59083600000001
1327,ARTHUR DUNN AIR PARK,28.6225412,-80.83431879999999
1328,PALESTINE MUNICIPAL ARPT,31.7813965,-95.7049766
1329,BRIGHAM & WOMEN'S HOSPITAL HELIPORT,42.3361091,-71.1074884
1330,NEWPORT MUNICIPAL ARPT (OR),44.5800356,-124.0583467
1331,TRACY MUNICIPAL ARPT,37.6901765,-121.4440055
1332,HARDY-ANDERS FLD NATCHEZ-ADAMS CNTY,31.6146504,-91.2930461
1333,CORLAND COUNTY ARPT-CHASE FIELD,42.5949627,-76.2152239
1334,LOGAN COUNTY ARPT,37.8560348,-81.912166
1335,AEROFLEX-ANDOVER,41.0087377,-74.737916
1336,DEMOPOLIS MUNICIPAL ARPT,32.46389,-87.95416999999999
1337,BOULDER CITY MUNICIPAL ARPT,35.9482607,-114.8551759
1338,DUBLIN INTL ARPT,53.42644809999999,-6.249909799999999
1339,HORSESHOE BAY RESORT ARPT,30.5266132,-98.35804739999999
1340,WAUPACA MUNICIPAL ARPT,44.3297192,-89.0156605
1341,SLOULIN FLD INTL ARPT,48.176354,-103.6313593
1342,HOUSTON-SOUTHWEST ARPT,29.5075664,-95.4680578
1343,WENDOVER ARPT,40.7195085,-114.0330711
1344,DENNIS F CANTRELL FIELD ARPT,35.0214346,-92.55752919999999
1345,LA ISABELA  INTL ARPT,18.5757922,-69.9818222
1346,COLUMBIA GORGE REGIONAL ARPT,45.6184072,-121.1726446
1347,NORTH PERRY ARPT,26.0021615,-80.2399883
1348,ERNESTO CORTISSOZ,10.8865327,-74.7764783
1349,MIDWEST NATIONAL AIR CENTER ARPT,39.330068,-94.31105199999999
1350,ASTORIA REGIONAL,46.1557664,-123.8818775
1351,AIR LOGISTICS GALLIANO HELIPORT,29.4145888,-90.2957065
1352,ROBERT R WELLS JR ARPT,29.6416745,-96.51579679999999
1353,VICTORIA INTL,48.6481032,-123.4286602
1354,ETMC - ATHENS HELIPORT,32.16988,-95.84468799999999
1355,LUXEMBOURG INTL ARPT,49.6289002,6.2147446
1356,LAKE IN THE HILLS,42.18169080000001,-88.33036179999999
1357,IMMOKALEE REGIONAL ARPT,26.432947,-81.40229339999999
1358,SOUTH ALABAMA REGIONAL ARPT,31.3087484,-86.39197109999999
1359,ANIAK AIRPORT,61.5787947,-159.5345762
1360,MOBILE AIRPORT,30.692512,-88.24549359999999
1361,WAKE ISLAND AIRFIELD,19.279619,166.6499348
1362,ROTA INTL ARPT,14.172008,145.243761
1363,BUCKEYE MUNICIPAL ARPT,33.4202423,-112.6828536
1364,AK CHIN COMMUNITY AIRFIELD,32.989403,-111.9179179
1365,CHATHAM MUNICIPAL ARPT,42.3061946,-82.0795545
1366,MICHIGAN CITY MUNICIPAL ARPT,41.703871,-86.821163
1367,BOONE COUNTY ARPT,36.2639389,-93.1514816
1368,HANOVER COUNTY MUNICIPAL ARPT,37.70809,-77.43620299999999
1369,BRIGHAM CITY ARPT,41.552419,-112.0629715
1370,TIPTON ARPT,39.08794899999999,-76.75934099999999
1371,KENTMORR AIRPARK,38.9178795,-76.3591754
1372,LEBANON-WARREN COUNTY ARPT,39.4552554,-84.2541317
1373,EAGLE CREEK AIRPARK,39.827732,-86.2988128
1374,MALAGA ARPT,36.6767428,-4.4938696
1375,GENERAL ROBERTO FIERRO VILLALOBOS INTL,28.7040064,-105.96896
1376,TORONTO/BUTTONVILLE MUNICIPAL,43.8618446,-79.3695644
1377,PLATTSBURGH INTL ARPT,44.6520597,-73.46792030000002
1378,GUSTAVO ROJAS PINILLA INTL ARPT,12.5861164,-81.7021578
1379,BRAINERD-CROW WING,46.3526733,-94.2020084
1380,SEMINOLE MUNICIPAL ARPT,35.2702445,-96.67153929999999
1381,LONE STAR EXECUTIVE ARPT,30.34969449999999,-95.4139893
1382,BOB SIKES ARPT,30.7771025,-86.5246482
1383,HESPERIA ARPT,34.37952,-117.31265
1384,SUSSEX COUNTY ARPT,41.20027899999999,-74.6230549
1385,V C BIRD INTL ARPT,17.1416455,-61.79054859999999
1386,UKIAH MUNICIPAL ARPT,39.1276682,-123.2013619
1387,WEST PLAINS REGIONAL ARPT,36.8777069,-91.9026732
1388,TUNICA MUNI ARPT,34.683299,-90.351412
1389,GARNER FIELD ARPT,29.2143881,-99.7413838
1390,DESTIN-FORT WALTON BEACH ARPT,30.49545509999999,-86.54984639999999
1391,FAYETTE COOUNTY ARPT,35.2081978,-89.3942366
1392,NORTH BIG HORN COUNTY ARPT,44.9157452,-108.4547831
1393,UPSHUR COUNTY REGIONAL ARPT,38.9997062,-80.27734099999999
1394,GOSHEN MUNICIPAL ARPT,41.5231012,-85.7943008
1395,GRANT-MILAN MUNI ARPT,35.167278,-107.902056
1396,LAKE HAVASU CITY ARPT,34.5694092,-114.3571987
1397,VICTORIA HARBOUR,22.2825275,114.1689867
1398,TWENTYNINE PALMS,34.1355582,-116.0541689
1399,MACKINAC COUNTY ARPT,45.8944175,-84.7331586
1400,LA ROMANA INTL,18.4484458,-68.9118337
1401,HUTCHINSON MUNICIPAL,38.0538773,-97.9366618
1402,DELAWARE MUNICIPAL ARPT,40.2815721,-83.1132654
1403,GENEVA INTL ARPT,46.23700969999999,6.1091564
1404,GALILEO GALILEI ARPT,43.6890842,10.3978845
1405,GUANAJUATO DEL BAJIO INTL,20.993517,-101.4805699
1406,JAMES CLEMENTS MUNICIPAL ARPT,43.546944,-83.89499699999999
1407,MEFFORD FIELD ARPT,36.1560737,-119.3289822
1408,AULTMAN HOSPITAL HELLIPORT,40.810702,-81.3961645
1409,CRAWFORDSVILLE MUNI ARPT,39.9804039,-86.9169158
1410,WINCHESTER REGIONAL ARPT,39.1430075,-78.14752460000001
1411,HALIFAX INTL,44.8835607,-63.5094067
1412,INDIANAPOLIS REGIONAL ARPT,39.8434579,-85.901844
1413,ST LUKE'S NORTHLAND HOSPITAL HELIPORT,30.2065138,-95.4571818
1414,LAKE CUMBERLAND REGIONAL ARPT,37.0552101,-84.61007000000001
1415,FREMONT AIRPORT,41.3341944,-83.15958909999999
1416,SHANDS JACKSONVILLE HOSPITAL HELIPORT,30.3495067,-81.6654452
1417,HICKORY REGIONAL ARPT,35.7422447,-81.3892546
1418,AQUASCALIENTES,21.8852562,-102.2915677
1419,BROWN FLD MUNICIPAL ARPT,32.5705504,-116.9810485
1420,QUINN FIELD ARPT,0.0,0.0
1421,UNIV OF MD SHOCK TRAUMA CTR HELIPORT,39.2874741,-76.6258071
1422,LOUDOUN HOSPITAL CENTER HELIPORT,39.07404500000001,-77.477535
1423,REDWOOD FALLS MUNICIPAL ARPT,44.5438613,-95.0803756
1424,PORT GRAHAM ARPT,59.349254,-151.8309863
1425,TULLAHOMA REGIONAL ARPT,35.3801451,-86.2478943
1426,MARANA REGIONAL ARPT,32.4031295,-111.2196578
1427,WEST KENTUCKY AIRPARK,36.962507,-86.4269221
1428,GRAYSON COUNTY ARPT,33.7127772,-96.666761
1429,GATLINBURG- PIGEON FORGE ARPT,35.8603757,-83.5389826
1430,HIDDEN LAKE ARPT,28.2833807,-82.6405621
1431,RIO VISTA MUNICIPAL ARPT,38.1929221,-121.7034704
1432,HICKS AIRFIELD,32.9307681,-97.4124288
1433,EAGLE'S NEST ARPT,38.0788307,-78.94263509999999
1434,SMITH FIELD ARPT,41.14032419999999,-85.1515792
1435,ELIZABETHTON MUNICIPAL ARPT,36.3675748,-82.1780294
1436,WARROAD INTL MEMORIAL ARPT,48.9324113,-95.3412453
1437,STUTTGART MUNICIPAL ARPT,34.5974497,-91.57510510000002
1438,PRYOR FIELD REGIONAL ARPT,34.6590419,-86.9479374
1439,EAST 34TH STREET HELIPORT,40.7425701,-73.97194859999999
1440,WINTER HAVEN'S GILBERT ARPT,28.0654274,-81.75307670000001
1441,CULPEPER REGIONAL ARPT,38.5269838,-77.8619528
1442,JACK MCNAMARA FLD,41.7747891,-124.2371456
1443,ST. JOHNS INTL,47.6212101,-52.7424429
1444,PORTERVILLE MUNICIPAL ARPT,36.03025969999999,-119.0587259
1445,MOJAVE ARPT,35.056783,-118.157814
1446,HERLONG ARPT,30.28055,-81.809465
1447,DRAKE FIELD ARPT,36.0034182,-94.1719488
1448,ST LANDRY PARISH ARPT-AHART FIELD,30.5585475,-92.0996222
